"patient_id","PC1","PC2","PC3","PC4","PC5","PC6","PC7","PC8","PC9","PC10"
"TR032-0",0.012433,6.63022e-05,-0.000246936,-0.000269515,-0.00014754,8.80667e-05,-0.000209023,-0.000125235,-0.000425243,0.000539386
"TR001-0",0.0126991,1.81775e-05,-0.000445073,-0.000285871,-8.1874e-05,0.000103099,-0.000124974,-2.06579e-05,-0.000346691,0.000378106
"S06-093",-0.0066825,-0.000234022,-0.000360472,-0.000468584,-6.41578e-05,-0.000353189,-0.000383312,-0.000143891,-0.000189749,-0.000323564
"S06-074",-0.00578554,-2.59316e-05,9.03612e-06,-0.00068096,-0.00025782,-0.000615159,-0.000812799,-0.000361401,-0.000358322,-0.000109435
"S06-069",-0.0052938,9.52054e-05,-0.000341468,-0.000266606,1.94258e-05,-0.000241469,-0.000162361,-2.31678e-05,7.31395e-05,-0.000315911
"S06-002",-0.0068265,-0.000109078,-0.000147855,-0.000537674,-8.70591e-05,-0.000268083,-0.000204985,-0.000190261,-0.000232258,-0.000250711
"S05-149",-0.00654488,-0.000273581,-0.000339718,-0.000503078,-4.7187e-05,-0.000342873,-0.000272917,-0.000195241,-0.000232619,-0.000264066
"S05-134",-0.00695903,-8.60055e-05,-0.000225179,-0.000481981,-3.54591e-05,-0.000455232,-0.000126578,-0.000233039,-0.000206458,-0.0003206
"S05-096",0.115432,0.0146992,0.00336931,0.0205231,-0.00260515,0.0398288,-0.0109551,0.0777323,-0.00796197,-0.0461476
"S04-211",-0.00565882,-0.000171033,-0.000503313,-0.000228488,0.000172054,-0.000545509,-0.000175223,-0.00038992,-0.000225138,-0.000367852
"S04-128",0.112421,0.0294139,0.00590241,0.0172512,0.00992928,-0.00269971,0.0300209,0.0338087,0.0156761,0.0203147
"S04-101",-0.00684457,-7.91932e-05,-0.000147374,-0.000515454,-0.000152276,-0.000529317,-0.000327005,-0.000337995,-0.000446371,-0.000458503
"S04-064",0.0889224,0.013897,0.00461357,0.00217014,-0.0118071,0.00254673,0.0134352,0.00301974,0.00252526,-0.00412171
"S04-018",-0.0063917,-1.96117e-05,-0.000121117,-0.000433439,-4.33764e-06,-0.000302574,-3.53654e-05,-0.00023973,-0.000125733,-0.000356398
"S03-142",-0.00683596,-0.000138399,-0.00022759,-0.000375848,-0.000207393,-0.000194664,-0.000309958,-0.000269493,-0.000151286,-0.000300774
"S03-052",-0.00365788,6.75918e-05,-5.05421e-05,-0.000276811,0.000120498,-0.000422636,-0.000379942,-0.000305957,3.31334e-05,-0.000131817
"S03-024",-0.00701471,-5.52381e-05,-0.000283667,-0.000433981,-9.9592e-05,-0.000321928,-0.000197179,-0.000318181,-0.00038493,-0.000153228
"S02-079",-0.00696864,-1.62483e-06,-0.000253097,-0.000468297,-0.000130621,-0.000309764,-0.000265404,-0.000245535,-0.000172457,-0.000343431
"S02-069",-0.00659969,-1.44924e-05,-0.000153755,-0.00038406,-0.000175904,-0.000177387,-3.96528e-05,-0.00032188,-0.000116575,-0.000172248
"S02-062",-0.00691594,-9.8346e-05,-0.000102184,-0.00071198,-4.06595e-05,-0.00035594,-0.000303343,-0.000215367,-0.000175347,-0.000312045
"S02-049",-0.00666073,-6.10374e-05,-0.000196562,-0.000399127,-0.000349374,-0.000318284,-0.000105113,-0.000234839,-0.000357642,-0.000116731
"S02-034",-0.00698192,-0.000115734,-0.000155058,-0.000742362,-7.28417e-05,-0.000302109,-0.000212006,-0.000289782,-6.19939e-05,-0.000325386
"S01-071",-0.00663025,-7.41621e-05,-0.000138493,-0.000422874,8.40009e-05,-0.000297698,-0.000156358,-0.000295563,-0.000273841,-0.00021187
"S01-053",-0.00567969,0.000256802,0.000250486,0.000525709,8.39302e-05,0.000504067,0.000199386,0.000380709,0.000289706,0.000561908
"QW6",-0.00690849,-5.09629e-05,-0.000325385,-0.000451429,3.55222e-06,-0.000263176,-0.000211321,-0.000244605,-0.000355163,-0.000301585
"PD017A",0.012029,3.412e-05,-0.000294835,-0.00018898,1.21317e-05,4.70448e-05,-0.000214732,-5.82362e-05,-0.000193199,0.000533974
"MAT-135",0.0120386,-0.000219982,-0.000399178,-0.000300893,-7.68425e-05,0.000232406,-0.000102639,-0.000161042,-2.86414e-05,0.000439968
"ABB384",0.0126767,0.00014031,-0.000437991,-0.000413267,-1.53392e-05,-0.000173212,-2.0854e-05,-0.000216992,-0.000348085,0.000361874
"GB001373",-0.00665534,-9.94044e-05,-0.000174395,-0.000213028,-0.000201001,-0.000104847,-0.000429322,-0.000152971,-0.00012149,-0.000200566
"AF037710",-0.006671,-0.000115405,-0.00028402,-0.000546076,-0.000115075,-0.000450307,-0.00018826,-0.00024008,-0.000193691,-0.00033301
"ABB053",-0.00719948,-9.97117e-05,-0.000219812,-0.000392256,-9.52013e-05,-0.00034563,-0.000238367,-0.000266928,-0.000159762,-0.000414003
"AF037700",-0.00673913,4.01122e-05,-0.000368728,-0.000420262,-7.61021e-05,-0.000445184,-0.000226001,-0.000203263,-0.000201634,-0.000493263
"AF037699",-0.0065719,-0.000108016,-0.000168345,-0.000454829,-0.000217999,-0.000387235,-0.000247781,-0.000228958,-0.00014805,-0.000202009
"AF037698",-0.00601257,6.98625e-05,-0.000170092,-9.03628e-05,-0.000520515,-0.000266175,-0.000575082,-4.42243e-05,-7.54585e-05,-0.000155059
"AF037697",-0.00689879,-0.000514562,-0.000261167,-0.000482938,2.0559e-05,-0.00027395,-0.00019275,-0.000323738,-0.000243976,-0.000314944
"AF037696",-0.00672991,-0.000161148,-0.000330284,-0.000435055,-0.000196104,-0.000364633,-0.000281858,-0.000129199,-0.000249607,-0.000162986
"AF037695",-0.00690707,-0.000112876,-0.000225645,-0.000489386,3.09695e-05,-0.00024512,-0.000195052,-0.000295401,-0.000204001,-0.000309548
"AF037694",-0.00662543,-0.000164083,-0.0001835,-0.000487775,-6.37881e-05,-0.000436858,-0.000170859,-0.000134527,-0.000356268,-0.00044201
"AF037693",-0.00496612,-0.00027332,-0.000107978,-0.000454206,-7.74107e-05,-0.000221541,-0.000135663,-0.000137823,-0.000265898,-0.000510055
"AF037692",-0.00689177,-0.000176604,-0.000249156,-0.000426202,-0.000252178,-0.000240315,-0.000278694,-0.00030736,-0.000383258,-0.000336627
"AF037691",-0.00718572,-0.000124006,-0.000247219,-0.000532905,-0.000147209,-0.000415733,-0.000280793,-0.000277774,-0.000130765,-0.000371874
"AF037689",-0.00689103,-0.000131746,-0.000271254,-0.000513337,1.99546e-05,-0.000199942,-0.000227202,-0.000560684,-0.000288012,-0.000339499
"AF037688",-0.00693368,-0.000120844,-0.000354605,-0.000442395,-0.000159701,-0.00041604,-0.000484303,-0.000121744,-0.000223668,-0.000202634
"AF037687",-0.00701524,-0.000273085,-0.000229583,-0.000462024,-3.77573e-05,-0.000374848,-0.000143112,-0.000261804,-0.000238646,-0.000275717
"AF037686",-0.00649201,6.89078e-05,-0.000306066,-0.000492819,-0.000433076,-0.000333387,-0.000162252,-0.000342132,-0.000177057,-0.000327959
"AF037683",-0.00673239,-0.000405246,-0.000157698,-0.000443703,-7.52631e-05,-0.000293968,-0.00023008,-0.000182329,-0.000265042,-0.000169608
"AF037681",-0.00630609,-0.000329121,-0.000247483,-0.000366504,-5.14918e-05,-0.000544162,-0.000155752,-0.000310175,-7.7098e-05,-0.000180532
"AF037679",-0.00658674,-0.000312931,-0.000171935,-0.000577512,0.000118551,-0.000318384,-0.000100085,-0.000510152,-0.000614554,-6.32654e-05
"AF037678",-0.00671888,-0.000203709,-0.000285323,-0.000430375,-0.000103543,-0.00047059,-0.00039062,-0.000114214,-0.000126932,-0.000296929
"AF037669",-0.00689803,-0.000130068,-0.000214287,-0.000546279,-9.86218e-05,-0.000452702,-0.000309391,-0.000165451,-0.000204671,-0.000341313
"AF037668",-0.0067948,-0.000228374,-0.000224116,-0.000392051,-0.000138434,-0.000319916,-0.000232934,-0.000189442,-0.000260243,-0.000344171
"AF037667",-0.0071143,-9.77622e-05,-0.000256756,-0.000488545,-0.000100403,-0.000245618,-0.000212384,-0.000223111,-0.000173676,-0.000358358
"AF037666",-0.00711183,-0.000156143,-0.000166104,-0.00042657,2.4668e-05,-0.000325994,-0.000284561,-0.000409249,-0.000240799,-0.000273866
"AF037665",-0.00695921,-3.91381e-05,-0.000318659,-0.000426528,-0.0001503,-0.000353853,-0.000262752,-7.14265e-05,-0.000164598,-0.000269645
"AF037664",-0.00681488,-0.000179385,-0.000221243,-0.000345316,-9.33749e-05,-0.000243052,-0.000158362,-0.000319542,-7.13078e-05,-0.000269158
"AF037661",-0.00649558,1.15942e-05,-0.000208722,-0.000275806,-0.000208134,-0.000303507,-8.70731e-05,-5.24758e-05,-0.000186469,-0.000214736
"AF037660",-0.00478316,0.000225891,-0.000226982,-0.000690242,-6.37431e-05,4.51207e-05,-4.07316e-05,-0.000133415,-0.000107587,-0.000215536
"AF037659",-0.00638769,6.366e-05,-0.000193378,-0.00035438,6.44658e-05,-0.000218101,0.000102745,0.000153627,-0.000251334,-0.000458771
"AF037658",-0.00703827,-0.000197222,-0.000332594,-0.000408794,-0.000176987,-0.000205295,-0.000252769,-0.00027995,-0.000248002,-0.00027997
"AF037657",-0.0067437,-8.30105e-05,-0.000156971,-0.000541637,-0.000119225,-0.000259135,-0.000199768,-0.000217903,-0.000302254,-0.00023011
"AF037656",-0.00608053,0.000149673,-0.000165314,-0.000540678,-0.00017726,0.000110638,-0.00111307,1.3419e-05,-0.000494954,-0.000227188
"AF037655",-0.0069954,-4.5284e-05,-0.000181757,-0.00057375,-0.000203884,-0.000185065,-0.000184705,-0.000108807,-0.000170778,-0.000253497
"AF037654",-0.00695533,-3.92659e-05,-0.000253105,-0.000475078,-0.000121312,-0.000289344,-0.000223002,-0.000331647,-0.00016375,-0.000297758
"AF037653",-0.00687936,-9.6954e-05,-0.000186152,-0.000487136,-7.06585e-05,-0.000284602,-0.000292476,-0.000199831,-0.000204233,-0.000321963
"AF037651",-0.00698215,-0.00017905,-0.000305214,-0.000421995,-8.8682e-05,-0.000349857,-0.000201617,-0.000358738,-0.000157336,-0.0002661
"AF037649",-0.000916404,-0.000122036,-0.000432391,3.61404e-05,-7.04671e-05,0.00026295,0.000341781,0.000729188,0.000514504,-0.000244289
"AF037647",-0.00684555,-0.000125615,-0.000212064,-0.000433045,-0.000154151,-0.00027617,-0.000356969,-0.000183021,-0.000160501,-0.000246643
"AF037646",-0.00699025,-7.78457e-05,-0.00027165,-0.000394452,-4.23749e-05,-0.000519277,-0.000348613,-0.000202795,-0.000183388,-0.000281422
"AF037645",-0.00701874,-0.000148962,-0.000186431,-0.000461882,-0.000130622,-0.00033196,-0.000236359,-0.000233042,-0.000117123,-0.000282258
"AF037644",-0.00695973,-0.000127498,-0.00029273,-0.000429917,-1.3614e-05,-0.000361888,-0.000287423,-0.000315147,-0.000180336,-0.000281663
"AF037643",-0.00702012,-0.000135318,-0.000363904,-0.000508056,-0.000157103,-0.000339705,-0.000346829,-0.000209455,-0.000286202,-0.000257253
"AF037642",-0.00693536,-0.000174397,-0.000242243,-0.000392455,1.90157e-05,-0.00027133,-0.000179557,-0.000248604,-0.000135293,-0.000279027
"AF037641",-0.00697017,-0.000110647,-0.000239479,-0.000568451,-0.000150753,-0.000396354,-0.00036775,-8.12896e-05,-0.00025515,-0.000376406
"AF037639",-0.00688118,-0.000119324,-0.000254332,-0.000382352,5.62097e-05,-0.000299741,-0.000434161,-8.45259e-05,-9.36778e-05,-0.000166999
"AF037638",-0.00712098,1.53379e-05,-0.000189187,-0.000578575,-0.000213357,-0.000329238,-0.000180143,-0.000198407,-0.000251867,-0.000273137
"AF037637",-0.00692821,-8.43352e-05,-0.000252646,-0.000506769,-0.000233176,-0.000252021,-0.0002089,-0.000271401,-2.99187e-05,-0.000270833
"AF037636",-0.00681744,2.46021e-05,-0.000243455,-0.000592956,-0.000114798,-0.000377168,-0.000216669,-0.000256473,-6.92331e-05,-0.000284742
"AF035830",-0.00628969,-2.32873e-05,-0.000126305,-0.000474278,-6.17683e-05,-0.00036913,-0.00033732,-0.000289544,-0.000313223,-0.000381474
"ABB291",-0.00679249,-0.000185413,-0.000305934,-0.000450287,-3.92666e-05,-0.000267876,-0.000245847,-0.00021065,-0.000248425,-0.000153329
"AF035828",-0.00648179,-1.40265e-05,-0.000254994,-0.000340643,-1.80985e-05,-0.000204725,-0.000255398,-0.000255399,-0.000305919,-0.000153939
"AF035827",-0.00666234,2.40142e-05,-0.000115111,-0.000373066,-0.000186046,-0.000274916,-0.000435297,-0.000237052,-0.000198907,-0.000243956
"AF035826",-0.00661529,-2.59119e-05,-0.000257304,-0.00049966,-0.000240715,-0.000239518,-4.63645e-05,-0.000127652,-0.000342445,-0.000325158
"AF035825",-0.00701619,-0.000185068,-0.000236665,-0.000434702,-8.95858e-05,-0.00028486,-0.000320716,-0.000264284,-0.000251696,-0.00040263
"AF035824",-0.0053336,-0.000144873,-0.000337134,-0.000309073,-0.000305533,-0.000336525,-2.29418e-05,-2.93131e-05,-5.98155e-06,-0.000300242
"AF035822",-0.00689924,-2.50158e-05,-0.000163472,-0.000386314,-0.000294932,-0.000216599,-0.000330825,-0.000175085,-0.000216151,-0.0002957
"AF035821",-0.00699089,-9.36374e-06,-0.000214218,-0.000482072,-7.9637e-05,-0.000207865,-0.000176233,-0.000175533,-0.000346985,-0.000340428
"AF035820",-0.00689209,-0.000114343,-0.000455899,-0.000399636,4.82938e-06,-0.000262143,-0.000133601,-0.000410781,-0.000262869,-0.00022183
"AF035819",-0.00519107,-0.00024233,-0.0001196,-0.000133231,1.46456e-05,-0.000416253,8.60476e-05,-0.000391324,-0.000231901,-8.05325e-05
"AF035817",-0.00616849,0.000147742,-0.000295638,-0.00054454,-9.99632e-05,-0.000259947,-0.000373019,-0.000253169,-0.00050204,-0.000453937
"AF035815",-0.00430011,-9.4118e-05,-0.000250873,-0.000401314,-8.28051e-05,-7.89155e-05,-0.000194954,3.81146e-05,-0.000227397,-0.000123703
"AF035814",-0.00566123,-0.000103243,-0.000290995,-0.000246914,0.000205562,-0.000181859,-1.80689e-05,-2.90251e-05,-5.47615e-05,-0.000139616
"AF035813",-0.00678535,-0.000205791,-0.000218698,-0.000641734,-1.63944e-05,-0.000259788,-0.000167153,-0.000243681,-0.000225763,-0.000236404
"AF035811",-0.00711537,-8.88913e-05,-0.000330371,-0.000460047,-0.000197429,-0.000249233,-0.000209018,-0.000242445,-0.00019436,-0.000455076
"AF035810",-0.00698453,-8.69995e-05,-0.000381728,-0.000390463,-0.000210196,-0.000344641,-0.000270487,-0.000235391,-0.000296856,-0.00015865
"AF035809",-0.00677927,-0.0002013,-0.000347571,-0.000547585,-8.29316e-05,-0.000343422,-0.000288142,-0.000285806,-0.000280536,-0.000238767
"AF035807",-0.00658771,-2.50714e-05,-0.000224555,-0.000387042,-0.000184496,-0.000258042,-0.000169559,-0.000130075,-0.000216665,-0.000320839
"AF035805",-0.00687541,-2.28356e-05,-0.000192321,-0.000470855,-9.16648e-06,-0.000446291,-0.00042296,-0.000220236,-0.000275366,-0.000181485
"AF035804",-0.00684036,1.6685e-05,-0.000234171,-0.000504802,-7.76182e-05,-0.000403673,-0.000237279,-0.000125023,-0.000313103,-0.000302316
"AF035803",-0.0069259,-0.000188582,-0.000316331,-0.000472908,-3.79459e-05,-0.000247417,-0.000312655,-0.000143036,-0.000237456,-0.000302943
"AF035802",-0.00691725,-0.000291054,-0.000282285,-0.000387517,-0.000220802,-0.000361519,-0.000245087,-0.000131301,-4.79663e-05,-0.000178316
"AF035801",-0.00686679,-1.97707e-05,-0.000198782,-0.000404104,-9.9586e-05,-0.000357068,-0.000235289,-0.000291595,-0.000191678,-0.000199284
"AF035800",-0.00690393,-0.000140761,-0.000230343,-0.000282796,-3.24206e-07,-0.000283906,-0.000219951,-0.000391089,-0.000231795,-0.000165909
"AF035798",-0.00656784,-0.000237536,-0.000360274,-0.000399774,-0.00032311,-0.000237346,-0.000356064,-0.000222982,-0.000428375,3.60509e-05
"AF035797",-0.00708074,-6.80075e-05,-0.000224429,-0.000456928,-9.87857e-05,-0.000198922,-0.000177879,-0.000217147,-0.00013797,-0.00017534
"AF035794",-0.00711728,-8.79358e-05,-0.000209067,-0.000510678,-0.000140336,-0.000168505,-0.000327152,-0.000120253,-0.000226251,-0.000246017
"AF035793",-0.00656632,-0.000134342,-0.000204392,-0.000375597,-7.50221e-05,-0.000331738,-0.000141196,-0.000295942,-0.000346987,-0.000376925
"AF035791",-0.0055473,-0.00032952,-0.00033027,-0.000368457,1.43258e-05,-0.000286713,-0.000234376,-0.000233174,-0.000238915,-0.000139425
"AF035787",-0.00694941,-0.000152425,-8.67856e-05,-0.000515731,-0.000191901,-0.0001692,-0.000190056,-0.000167707,-0.000229865,-0.000503744
"AF035786",-0.00689209,-3.92776e-05,-0.000181413,-0.000448938,-0.00020701,-0.000194643,-0.000258792,-0.000186235,-0.000159103,-0.000288314
"AF035785",-0.00701704,3.02498e-05,-0.000329756,-0.000400902,-4.29747e-05,-0.000319207,-0.000306543,-0.000444851,-0.000262315,-0.000347811
"AF035781",-0.00682044,-0.000106414,-0.000458199,-0.000414655,-7.65029e-05,-0.000270487,-0.00026034,-0.000220707,-0.000146469,-0.000363991
"AF035778",-0.00665987,-8.43062e-05,-0.000212617,-0.000330766,-0.000276611,-0.000455698,-0.000257401,-0.000128239,-0.000240296,-0.000357244
"AF035777",-0.0069213,-5.29101e-05,-0.000329424,-0.000552824,-0.00014229,-0.000207613,-0.000398678,-0.000174293,-0.000124049,-0.000337563
"AF035773",-0.00688387,-0.000124075,-0.000284347,-0.000351831,5.59928e-05,-0.000319264,-0.000429708,-0.000171186,-0.000314809,-0.000296459
"AF035770",-0.00666719,0.000226339,-0.000350686,-0.000356263,-0.000164906,-0.00127088,-0.000362381,-0.000665176,-0.00061529,-0.000244683
"AF035768",-0.00717642,-2.21342e-05,-0.000367096,-0.000458726,-0.000138302,-0.000397335,-0.000140719,-3.48953e-05,-0.000165483,-0.000250838
"AF035767",-0.00693583,-0.000169931,-0.000320261,-0.000438741,-0.000219124,-0.000280437,-0.000435012,-0.000185752,-0.000222794,-0.000325172
"AF035761",0.00245919,0.000429014,0.000705279,0.00243199,0.000681528,0.00117466,0.00254147,0.0010027,0.000766862,0.0018994
"AF035759",-0.00706029,-7.38425e-05,-0.00017908,-0.000309625,-1.25531e-05,-0.000284006,-0.000220178,-0.000264313,-0.000237617,-0.000275608
"AF035758",-0.00695907,-0.000107739,-0.000183112,-0.000556013,-4.589e-05,-0.000476584,-0.00022138,-0.000203321,-0.000286989,-0.000191383
"AF035757",-0.00670922,-0.000459503,-0.000357816,-0.000386748,-0.000113543,-0.000203565,-0.000319274,-0.000133083,-0.000139024,-0.00021233
"AF035756",-0.00684653,-0.000322481,-0.000407402,-0.000391099,-1.26836e-05,-5.12592e-05,-0.000391267,-6.91802e-05,-0.000247666,-0.00041506
"AF035755",-0.00723106,-0.000146829,-0.000270472,-0.000530314,-0.000116323,-0.000187981,-0.000213891,-0.000114912,-0.000167041,-0.000307132
"AF035754",-0.0069551,-0.000139524,-0.000268755,-0.000503139,1.31738e-05,-0.000361274,-6.17454e-05,-0.000256292,-0.000254017,-0.000303043
"AF035753",-0.00693216,-6.36645e-05,-0.000238173,-0.000410769,-0.000200894,-0.000229708,-0.000413296,-0.000228273,-0.000322684,-0.000407481
"AF035752",-0.00685176,-0.000428655,-0.000246575,-0.000408821,-0.00015484,-0.000110143,-0.000164395,-0.000262921,-0.000155855,-0.000136731
"AF035751",-0.00672325,-0.000124615,-2.27456e-05,-0.000371725,-0.000123848,-0.000160587,-0.000215687,-0.000247088,-0.000229932,-0.000214007
"AF035750",-0.00281964,-0.000504111,-2.18903e-05,-0.000382127,-0.000168284,-0.000328738,-5.54536e-06,4.03317e-05,-0.000190752,-0.000172737
"AF035749",-0.00725002,6.6886e-05,-9.78731e-05,-0.000635743,-0.000128267,-0.000205582,-8.41984e-05,-0.000274501,-0.000150501,-0.000227454
"AF035747",-0.00691402,-8.8715e-05,-0.000243918,-0.000449488,-0.000147725,-0.000237612,-0.000246289,-0.000124737,-7.42885e-05,-0.000271095
"AF035746",-0.00710625,-9.66653e-05,-0.000401593,-0.000417821,-0.000256571,-0.000175222,-0.000327497,-0.000374799,-0.000203414,-0.000376498
"AF035744",-0.00677509,-0.000194069,-0.000285845,-0.000631079,-0.000184508,-0.000224444,-0.000234548,-0.000120929,-0.00017816,-0.00032638
"AF035743",-0.00460928,5.42862e-05,-0.000235554,-0.000154397,-0.000331171,-0.000284432,-9.81458e-05,0.00010839,-5.22001e-05,-0.000330901
"AF035742",-0.00688826,-0.000210754,-0.000190608,-0.000517507,-7.87555e-05,-0.000227128,-0.000173061,-0.000173568,-0.000189139,-0.000262529
"AF035741",-0.0059031,-0.000119257,1.74726e-05,-0.000498659,2.12778e-05,-0.000259226,-0.000284329,-0.000479224,-9.177e-05,-0.000238747
"AF035740",-0.00683289,1.37196e-05,-0.000223134,-0.000445276,-0.000232139,-0.000341727,-9.72067e-05,-0.000194882,-5.95809e-05,-0.00017479
"AF035739",-0.00628778,-8.57233e-06,-0.000303606,-0.000403713,-6.64391e-05,-0.00028141,-0.000332805,-8.91902e-05,-6.5498e-05,-0.000134599
"AF035738",-0.0067314,-5.75307e-05,-0.000328808,-0.000453245,-0.000175135,-0.000216574,-0.000259033,-0.00029253,-0.000353199,-0.000275867
"AF035737",-0.00685078,-6.52222e-05,-0.000338673,-0.000436375,-0.000194438,-0.000257084,-0.000258413,-0.000181461,-0.000227019,-0.000394813
"AF035736",-0.00647434,-0.000143298,-0.000309598,-0.000358197,-0.000181379,-0.000520882,-0.000626241,-0.000103265,-0.000123284,-5.31749e-05
"AF035735",-0.00615969,-0.000401852,-0.000110111,-0.000420403,-0.000314887,-0.000193039,-0.000243813,0.000203291,6.92672e-05,-0.000338272
"AF035734",-0.00664737,-0.000381175,-0.000243696,-0.000417134,-0.000171235,-0.000288006,-0.000211018,-0.00017863,-0.000277822,-5.7974e-05
"AF035731",-0.00693072,-0.000168605,-0.000268637,-0.000439158,7.39967e-05,-0.000142417,-0.000205915,-0.000202083,-0.000259554,-0.000295136
"AF035730",-0.00646738,-8.12525e-05,-0.00014031,-0.000278376,-0.00041356,-0.000212277,-0.000380598,-0.000182832,-0.000165746,-0.00019384
"AF035729",-0.00703026,-0.000217768,-0.000241454,-0.000509413,-0.000280253,-0.00037387,-0.000319817,-0.000249343,-0.000431487,-0.000286466
"AF035728",-0.00507304,-0.00014033,-4.61562e-05,-0.000379498,3.52946e-05,-8.40948e-05,-0.000123477,9.51063e-05,-0.000108963,-0.000166521
"AF035726",-0.00626847,-0.000134224,-0.000155065,-0.000339319,-0.000380794,-0.000605835,-0.000186444,-0.00020826,-0.000166737,-0.000301676
"AF035722",-0.00677931,-4.88871e-05,-0.000279048,-0.000576653,-8.43859e-05,-0.000342375,-0.000198689,-0.000142243,-0.000225187,-0.000240039
"AF035625",-0.00705441,-0.00012402,-0.000238569,-0.000420844,-2.74941e-05,-0.000229865,-0.000271862,-0.000348868,-0.000187369,-0.000354615
"AF035623",-0.00680562,0.000144952,-0.00027074,-0.00044095,1.19963e-05,-0.000284666,-0.000118833,-0.000171596,-0.000159736,-0.000410872
"AF035622",-0.00683503,-0.00015061,-0.000143825,-0.000415905,-0.000122343,-0.000209047,-0.000353372,-0.000326761,-0.000152992,-0.000344106
"AF035613",-0.00669982,-2.66628e-05,-0.000324143,-0.000512189,-0.00024635,-0.000446202,-0.000338569,-0.000189745,-0.000224735,-0.000297774
"AF035609",-0.00679923,-0.000414263,-0.000300775,-0.000458669,-0.000121859,-0.000325143,-0.000274076,-0.000233151,-0.000189129,-0.000251065
"AF035599",-0.00681147,-8.96044e-05,-0.000147996,-0.000493921,-5.11818e-05,-0.000345133,-0.000217346,-0.000137656,-0.000170788,-0.000343793
"AF035597",-0.00594155,-0.000248618,-0.000638924,-0.000492068,-6.95417e-05,-0.000210532,-0.000211055,-0.00019605,-0.000282431,-0.000181391
"AF035590",-0.00682683,-0.00037223,-0.000355215,-0.000352268,-7.7816e-06,-0.000343849,-0.00019212,-0.00015352,-0.000296827,-0.000259018
"AF035588",-0.00636418,-0.000156979,-0.000206197,-0.000298422,4.37196e-05,-0.000425538,-6.60042e-05,-0.000221502,-0.000120957,-0.000317663
"AF035587",-0.0062933,-0.00053785,-0.000185787,-0.000469816,-9.73657e-06,-0.000149436,-0.000184672,-0.000184988,-0.000134428,-0.000378023
"AF035586",-0.00667869,-0.000319642,-0.00032952,-0.000426154,-4.11771e-05,-0.000180994,-0.000324342,-0.000336072,-0.000366534,-0.000212105
"AF035585",-0.00650816,-0.000166272,-0.000231756,-0.00032698,-4.4566e-05,-0.000403956,-7.12415e-05,-0.000211699,-0.000190693,-0.000448038
"AF035584",-0.00227766,0.000422326,-0.000246331,-0.000227508,-0.000190426,-0.000192992,0.000455172,-0.000276972,0.000197198,0.00016132
"AF035583",-0.00689835,-0.000113702,-0.000248304,-0.000352469,-0.000273875,-0.000413161,-0.000348539,-0.000335587,-0.000187155,-0.000229021
"AF035580",-0.00715485,-0.000340806,-0.00020942,-0.000557503,-0.000109015,-0.000327575,-0.000307615,-0.000194183,-0.000305166,-0.000291406
"AF035579",-0.00652997,-0.000269348,-0.000187201,-0.00040412,-0.000108836,-0.000364396,-0.000321694,-0.000330179,-0.00010165,-8.24204e-05
"AF035578",-0.00675424,-6.84491e-05,-0.000190118,-0.000458286,-0.000127318,-0.000307562,-0.000408576,-0.000202094,-0.0002501,-0.000338714
"AF035577",-0.00680801,-6.68864e-05,-0.000285068,-0.000452779,-0.000142999,-0.000269069,-0.000489296,-0.000279561,-0.000357006,-0.000324654
"AF035575",-0.00718039,-0.000170271,-0.000328062,-0.000487718,-0.000119573,-0.000376321,-0.000320466,-0.000265298,-0.000201403,-0.000245321
"AF035570",-0.00634617,-0.000291167,-0.000202142,-0.000294905,-2.56292e-05,-0.000213025,-0.000707106,-7.68206e-05,-0.000185203,-0.000258478
"AF035569",-0.00677149,-0.0001377,-0.00024031,-0.000598566,-0.000178996,-0.000216241,-0.000254917,-0.000211048,-0.000199143,-0.000387964
"AF035568",-0.00676959,-0.000116573,-0.000201198,-0.000414714,2.60616e-05,-0.000412114,-0.000110757,-0.000191894,-0.000335699,-0.0003032
"AF035567",-0.00701306,-0.000127247,-0.000218869,-0.000416433,-6.98079e-05,-0.000212768,-0.000263363,-0.000258214,-0.000286817,-0.000285755
"AF035563",-0.00705183,-7.38531e-05,-0.00013089,-0.000557043,-0.000145847,-0.00024045,-0.00028461,-0.000193864,-0.000184857,-0.00032255
"AF035555",-0.00703691,0.000115757,-0.000365147,-0.000452567,-0.000217229,-0.000301477,-0.00027079,-0.000188873,-0.000189711,-0.000117412
"AF035552",-0.00687443,-0.000248975,-0.000245946,-0.000501777,-0.000203681,-0.000269724,-0.000263391,-0.000177496,-0.000227744,-0.000258415
"AF035546",-0.00568731,-3.14064e-05,-0.000171766,-0.000487094,-0.000170361,-0.000302844,-0.00024682,-0.000229426,-0.000218479,-0.000314867
"AF035544",-0.00692608,1.63484e-05,-0.000264939,-0.000469665,-0.000236834,-0.000315542,-0.0003771,-0.000200639,-0.000247163,-0.000277541
"AF035541",-0.00675629,-0.000177868,-0.000208913,-0.000432523,-0.00019039,-0.000233682,-0.000256294,-0.000180024,-0.00012657,-0.000162584
"AF035538",-0.00687226,-9.44761e-05,-0.000238409,-0.000454766,-0.000169262,-0.000229632,-0.000172067,-0.000165503,-0.000446979,-0.000477726
"AF035537",-0.00689844,-0.000124509,-0.000305843,-0.000441541,-2.67e-05,-0.000342427,-0.000230712,-0.000215599,-0.000247489,-0.000418123
"AF035535",-0.0068044,-0.000125128,-0.000377022,-0.000494102,-0.000134832,-0.000306763,-0.000244766,-0.000177551,-0.000158046,-0.000415554
"AF035531",-0.00691948,-5.99305e-05,-0.000139097,-0.000461142,-7.18884e-05,-0.000415893,-0.000229563,-0.000181222,-6.64229e-05,-0.000165704
"AF035528",-0.00665224,1.07762e-05,-9.61378e-05,-0.000513565,-0.00019059,-0.00021025,-0.000212258,-0.000287638,-0.000270596,-0.00023493
"AF035489",-0.00675601,-0.000135272,-0.000346724,-0.000457455,-3.71353e-05,-0.000288369,-0.000366264,-0.000213606,-0.000378535,-0.000305549
"AF035479",-0.00451584,-0.000116261,-0.000274485,-0.000166882,-3.21804e-05,-0.000257574,-1.33449e-05,-0.000227413,6.35239e-05,-2.18487e-05
"AF035473",-0.00674321,-1.76042e-05,-0.000157727,-0.000566016,-2.0094e-05,-0.000356584,-0.00025196,-0.000321068,-0.000253387,-0.000343551
"AF035472",-0.00666482,7.80472e-05,-0.000328325,-0.000563914,-7.08021e-05,-0.000435056,-0.000277801,-0.000141428,-0.000222624,-0.000176494
"AF035468",-0.00688211,-3.54657e-05,-0.000316722,-0.000369163,-0.000206931,-0.000252364,-0.000191565,-0.000279394,-0.000304871,-0.000266712
"AF035465",-0.00683232,-5.32101e-05,-0.000190491,-0.000447853,1.26512e-05,-0.000363663,-0.000463256,-3.53612e-05,-0.000440987,-0.000354149
"AF035418",-0.00630145,-1.40209e-05,-0.00022883,-0.000372569,-3.02753e-05,-0.000348047,-0.000118297,-0.000202221,-0.000196319,-3.61284e-05
"AF035415",-0.00698431,-0.00010692,-0.00022568,-0.000476608,-0.000110613,-0.000209154,-0.000211127,-0.000172147,-0.000261781,-0.000247573
"AF035414",-0.0070848,-0.000167676,-0.000266571,-0.000506854,-4.7974e-05,-0.000483722,-0.000286361,-0.000241895,-0.000305267,-0.000253149
"AF035410",-0.00669338,-0.000229556,-0.000342082,-0.000490397,-3.76917e-05,-0.000390894,-0.000287836,-0.000236233,-0.000183415,-0.000243626
"AF035398",-0.00682775,-0.000107142,-0.000225344,-0.000323065,-0.000249213,-0.000181421,-0.000169375,-0.000203301,-9.77976e-05,4.97608e-05
"AF035393",-0.00693662,-0.000124259,-0.000330646,-0.00037688,-0.000160685,-0.000285594,-0.000181877,-0.000194068,-0.000237459,-0.000344156
"AF035391",-0.00681406,-6.61914e-05,-0.000454661,-0.000454553,-7.94901e-05,-0.000304736,-6.02496e-05,-0.000138152,-0.000217735,-0.000238082
"ABB332",-0.00680403,-0.000312412,-0.000271298,-0.000338096,-0.000171883,-0.000227004,-0.000193182,-0.000243386,-0.000165791,-0.000290839
"ABB292",-0.00643152,-0.000207382,-0.000300785,-0.000472702,-5.28061e-05,-0.000443321,-0.000139784,-0.000232307,-0.000222943,-0.000249417
"AF035374",-0.00698256,-0.000156417,-0.000266379,-0.000599401,-0.000118919,-0.000313973,-0.000372754,-0.000269255,-0.000226411,-0.000362664
"AF035372",-0.00705774,-0.000181549,-0.00028454,-0.000531778,-8.90292e-05,-0.000495927,-0.000211188,-0.000191556,-0.00022522,-0.000347173
"AF035369",-0.00706021,-0.000165171,-0.000315535,-0.000527537,-0.000146897,-0.000265038,-0.000264623,-0.000205256,-0.000271204,-0.000221927
"AF035367",-0.0068517,-1.98283e-05,-0.000220853,-0.000533529,-0.000114022,-0.00020598,-0.000213129,-0.000212407,-0.000245069,-0.000348103
"AF035358",-0.00642028,2.79637e-05,-0.000186419,-0.000343825,5.57501e-05,-0.00028652,-0.000310331,-0.000113302,-0.000140902,-0.00011909
"AF035357",-0.00676921,-0.000140275,-0.000552821,-0.00066961,-0.000238119,-0.000309032,-0.000397858,-0.000119187,-0.000255401,-0.000246335
"AF035356",-0.00669687,6.82599e-05,-0.000267221,-0.000408175,-0.0001932,-0.000277425,-0.000317136,-0.000238349,-0.000170268,-0.00028384
"AF035351",-0.00635814,-9.46313e-05,-0.000336732,-0.000264843,9.43518e-05,-0.000321907,-0.000131006,-0.000170356,-9.2616e-05,-0.000129688
"AF035349",-0.00706599,-9.46023e-05,-0.000272366,-0.000521573,-4.13851e-05,-0.000298101,-0.000232278,-0.000233866,-0.000265523,-0.000226954
"AF035346",-0.00686065,-4.47602e-05,-0.000298891,-0.000444816,-5.74471e-05,-0.000283325,-0.000237813,-0.000139856,-0.000147324,-0.000360366
"AF035345",-0.00673132,-2.35883e-06,-0.00020065,-0.000374418,0.000102837,-0.000515506,-0.000119808,-0.000247166,-0.000387407,-0.000270354
"AF034914",-0.00704554,-0.000134817,-0.000323208,-0.000520756,-0.000229948,-0.000355973,-0.000236983,-0.000315507,-0.000193774,-0.000268557
"AF034913",-0.00695939,-7.47197e-05,-0.000246014,-0.000452268,-0.000137004,-0.000321731,-0.000289645,-0.000288408,-0.000282074,-0.000223148
"AF034912",-0.00715145,-8.76673e-05,-0.000244952,-0.000504538,-0.000137267,-0.000410217,-0.000186339,-0.00025888,-0.000185756,-0.000331936
"AF034911",-0.00397669,0.000172813,2.47319e-05,-0.000179492,-0.000177739,-0.000193475,-3.2504e-05,-1.77484e-05,-0.000122314,2.39488e-05
"AF034910",-0.00365844,0.000120604,-2.80327e-05,-0.000163623,0.000757518,-0.000113169,-0.000556144,-0.000775511,-1.51248e-05,-0.000478932
"AF034908",-0.00697996,-0.000101309,-0.000253558,-0.000473489,-9.25461e-05,-0.000378103,-0.000275957,-0.000339884,-0.000275863,-0.000247355
"AF034906",-0.00699886,-0.000293033,-0.000317466,-0.000518939,-0.000159028,-0.000312663,-0.000210428,-0.000202453,-0.000193539,-0.000362672
"AF034905",-0.00704092,-0.000144888,-0.000213626,-0.000473238,-8.70173e-05,-0.000357551,-0.000391767,-0.000342126,-7.9467e-05,-0.000348662
"AF034876",-0.00709905,-0.000143439,-0.00017894,-0.000384882,-0.000112225,-0.000293007,-0.000177836,-0.000311384,-0.000124433,-0.000358699
"AF034438",-0.00682352,-0.000148979,-0.000182328,-0.000419145,-6.95066e-05,-0.000304662,-0.000372461,-0.000308984,-1.93681e-05,-0.000490008
"AF034433",-0.00686099,-0.000221165,-0.000226923,-0.000474994,-0.000101427,-0.000247739,-0.000204637,-0.000117788,-0.000188323,-0.000156954
"AF034424",-0.00325675,0.000593573,0.000612386,-9.31146e-05,0.000628851,-0.00104942,-0.00103016,-0.000976909,-0.00145271,-0.000168623
"AF034423",-0.00676814,-0.000333528,-0.000163726,-0.000344444,-0.000226401,-0.000221384,-0.000265428,-0.000207318,-0.000126195,-0.000155808
"AF034419",-0.00677607,-0.000253487,-0.000278185,-0.000435509,-3.0619e-05,-0.000398285,-0.000215552,-0.000281511,-0.000372844,-0.000233625
"AF034417",-0.00687429,3.61993e-05,-0.00030425,-0.00040433,-0.000149902,-0.000276176,-0.000348906,-0.000194659,-0.000301854,-0.000465727
"AF033621",-0.00677601,-7.01849e-05,-0.000195568,-0.000336956,-0.000126954,-0.000481411,-0.000618212,-0.000170311,-0.000186003,-0.000457056
"AF033617",-0.00532232,-0.000134004,-0.000140067,-0.000153143,-4.24177e-05,-0.000449506,-0.000138761,-0.000140239,-3.17692e-05,-0.000133806
"AF033613",-0.00675135,-0.000112609,-0.000275779,-0.000399337,-0.000130828,-0.000145423,-0.000131494,-0.000180978,-0.000183215,-0.000423391
"AF033611",-0.00704406,-5.52697e-05,-0.00027501,-0.000609348,-8.03139e-05,-0.000241634,-0.000248907,-0.000213841,-8.03505e-05,-0.000292153
"AF033404",-0.00625473,-0.000174592,-0.000207554,-0.000317035,-0.000133658,-0.000275643,-0.000219407,-0.000121221,-0.000163751,-0.000366911
"AF033395",-0.00167934,0.000580228,0.000322588,-0.000226837,0.000174641,0.000269935,-0.000391949,-6.07696e-05,7.83512e-05,3.93118e-05
"AF033392",-0.00693429,-0.000288946,-0.000355136,-0.000455105,-0.00014838,-0.000389269,-0.000243714,-3.86803e-05,-0.000219519,-0.000179555
"AF033383",-0.00704926,-9.94089e-05,-0.000120215,-0.000469898,-9.43892e-05,-0.000331809,-0.000247527,-0.000268849,-0.000163065,-0.000422428
"AF033381",-0.00670236,-0.000137159,-0.000104507,-0.000510691,-7.09254e-05,-0.00024292,-0.000198353,-0.000266071,-0.00011326,-0.000397968
"AF033377",-0.00640769,3.14858e-05,-0.000213081,-0.000372456,-0.000168076,-3.43723e-05,-0.000255703,-0.000418374,-0.000128536,-0.00042371
"AF033208",-0.00670727,-0.000118333,-0.000246901,-0.000363212,-0.000147313,-0.000391136,-2.04036e-05,-0.000190515,-4.19098e-05,-0.000262603
"AF033198",-0.00689878,-6.04743e-06,-0.000196788,-0.00049076,-0.000114808,-0.000281564,-0.000164581,-0.000154895,-0.000196984,-0.000400677
"AF033188",-0.00602747,-5.48458e-05,-0.000194092,-0.000204539,-0.000252029,-0.000457666,-0.00016856,-0.000302866,-0.000280804,-0.000238861
"AF033184",-0.00433306,0.000475361,-0.000367869,-0.000460013,-0.000182284,0.000290364,-8.85602e-05,-0.000226795,6.81084e-05,-0.000227118
"AF032599",-0.00686995,-0.000166686,-0.000245108,-0.000432227,-0.000177269,-0.000178306,-0.000185868,-0.000184578,-0.000151949,-0.000215135
"ABB287",-0.00651414,-7.32096e-05,-0.000175024,-0.000348929,-4.23302e-05,-0.000180735,-7.26174e-05,-6.37632e-05,-0.000154637,-0.00026301
"AF032590",-0.00702398,-0.000263747,-0.00012123,-0.000432196,-5.09122e-05,-0.000307199,-0.000214451,-7.21982e-05,-0.000267752,-0.000280511
"AF032433",-0.00663517,-0.000388563,-0.000379185,-0.000420861,-9.22428e-05,-0.000425018,-0.000354878,-0.000132584,-0.000117413,-0.000295176
"AF032425",-0.00696734,-0.000118154,-0.000334473,-0.000488901,1.49848e-05,-0.000438177,-0.000140458,-7.44471e-05,-0.000234093,-0.000326797
"AF032421",-0.00685209,-1.55499e-05,-0.00023741,-0.000392246,-0.000220599,-0.00029588,-0.000192599,-0.000223646,-0.000126711,-0.000452988
"AF032411",-0.00701444,-6.52024e-05,-0.000267679,-0.000414924,-0.000164856,-0.00025655,-0.000312511,-0.000354438,-0.000195854,-0.000391259
"AF032408",-0.00649405,-0.00016292,-0.000247315,-0.000413468,2.77263e-05,-0.000365846,-8.13901e-05,-0.000257205,-0.000266392,-0.000283937
"AF032397",-0.00669741,-4.59089e-05,-0.000224714,-0.000412971,-0.000212345,-0.000244249,-0.000130934,-0.000218525,-0.00016616,-0.000308426
"AF032384",-0.00697728,-0.000186111,-0.000237749,-0.000458298,-0.000194313,-0.00023229,-0.000204599,-0.000213556,-0.000159381,-0.000319837
"AF032375",-0.00633308,-0.000340023,-0.000166844,-0.00059963,-0.000354845,-0.000272268,-0.000233075,0.000236119,-9.43873e-07,-0.000527826
"AF032371",-0.00696769,-0.000141083,-0.000252914,-0.000388933,-6.92397e-05,-0.000438938,-9.77996e-05,-0.000241285,-0.000169662,-0.000315241
"AF032368",-0.00678328,-0.000121881,-0.00015643,-0.000437782,-0.000108036,-0.000287104,-0.000238406,-0.000144421,-0.000114113,-0.000232635
"AF032366",-0.00681112,-1.48706e-05,-0.000178488,-0.00054405,-0.000167561,-0.000208215,-0.000226254,-0.000178617,-0.000203827,-0.000549179
"AF032293",-0.0068755,-2.59367e-05,-0.000226811,-0.000485242,-8.86215e-05,-0.000268226,-9.0637e-05,-0.000246415,-0.000275674,-0.000283933
"ABB378",-0.00934789,-0.000733508,-0.00105059,-0.00141128,-0.000387048,-0.000574588,-0.00102453,-0.000451353,0.000109048,-0.000612967
"ABB370",-0.0108979,-0.00063208,-0.00083203,-0.000700765,-0.000255251,-0.000323452,-0.000411502,-0.00042432,-0.000583102,-0.000240016
"ABB367",-0.00909024,-0.0012001,-0.000726612,-0.000815998,-0.000587373,9.61426e-05,-0.000299769,-0.000269618,-0.000676221,-0.000810451
"ABB361",-0.00569505,0.000323125,0.000244774,0.000413262,0.000246611,0.000449965,0.000363038,0.000351309,0.000295546,0.000327151
"ABB354",-0.00468585,0.000601132,0.000195222,0.000490821,0.000153301,0.000751651,0.000318542,0.000243712,0.000303593,0.000394572
"ABB352",-0.00337937,0.00058695,-5.6696e-05,0.000653455,0.000380454,0.000743461,0.000701609,0.00041439,0.00044843,0.000687385
"ABB343",-0.00550211,0.000245863,0.00018199,0.000275775,0.000176843,0.000603568,0.000445488,0.000293105,0.00033861,0.000484892
"ABB340",-0.00574003,0.000407868,0.0001201,0.000189662,0.000119678,0.000421029,0.00036995,0.000254097,0.000223872,0.000538992
"ABB337",-0.00520848,0.000492028,0.00027435,0.000509981,0.000282613,0.000608365,0.000126381,5.22077e-05,0.00024221,0.000433673
"ABB336",-0.00553717,0.000352758,0.000204431,0.000319147,0.000158897,0.00057973,0.000200193,0.000308715,0.000413777,0.000519421
"ABB311",-0.00563495,0.000353605,0.000178279,0.000431761,0.000187329,0.000418115,0.000312159,0.000216184,0.000287956,0.00036556
"ABB254",-0.00487774,0.0003685,0.000235934,0.00055771,5.1727e-05,0.000544287,0.000261363,0.000370398,0.000260217,0.000608276
"ABB248",-0.00278456,0.000427951,0.000405648,0.000845636,0.000243755,0.000692505,0.0005523,0.00035655,0.000259218,0.000683341
"ABB244",-0.00523175,0.000199746,0.000302798,0.000541596,5.54831e-05,0.000458992,0.000490658,0.000210908,0.000333872,0.000471489
"ABB243",-0.00552492,0.000580403,-0.000186722,0.000304135,9.30525e-05,0.000443661,0.000189314,0.000454917,0.000246795,0.00029332
"ABB236",-0.00444206,0.000630446,0.000215951,0.000692414,6.86631e-05,0.000563128,0.000341745,0.000546254,0.000231272,0.000487082
"ABB227",-0.00591743,0.000260922,0.000112603,0.00036182,0.000123676,0.000571819,0.000258979,0.000226313,0.000336137,0.000489457
"ABB223",-0.00484582,0.000271126,0.000153566,0.000646685,0.000164845,0.000501435,0.000301047,0.000435167,0.000404987,0.000540234
"ABB220",-0.00565128,0.000272776,0.000169261,0.00049405,-3.51112e-05,0.000597376,0.000437953,6.38444e-05,0.000346256,0.000519556
"ABB215",-0.00538442,0.000425469,0.000152221,0.000445113,0.000109448,0.000428627,0.000361548,8.47696e-05,7.24056e-05,0.000644926
"ABB213",-0.00559726,0.00048422,0.000240515,0.000387996,0.000152805,0.000514748,0.000360704,0.000100972,0.000291627,0.00049485
"ABB192",-0.00517798,0.000572577,0.000266198,0.000410799,0.000120371,0.000532734,0.00028475,0.000195186,0.00027413,0.000429839
"ABB188",-0.00546945,0.000570313,0.000342504,0.000243317,-7.39272e-06,0.000335973,0.000362257,0.000308625,0.00023265,0.000387746
"ABB148",-0.0055976,0.000534572,0.000175641,0.000488152,-8.69148e-05,0.000417619,0.000292246,0.000316448,0.000274141,0.000440888
"ABB142",-0.00553574,0.000485309,0.000268471,0.000375128,0.00019232,0.000529057,0.000376848,8.5924e-05,0.000324137,0.000401422
"ABB141",-0.00410965,0.000575214,0.000322784,0.000670153,4.18466e-05,0.000462647,0.000619901,0.000402532,0.000393259,0.000478748
"ABB134",-0.0101429,-0.000171099,-0.000615108,-0.000781457,-0.000478629,-0.00110101,-0.000379116,-0.000279427,-2.44246e-05,-0.00104539
"ABB130",-0.00956956,-0.000113007,-0.000369898,-0.00118545,-0.0004246,-0.00099848,-0.000261226,-0.000142541,-0.00032757,-0.00123387
"ABB127",-0.0113343,-0.000570331,-0.000921955,-0.00149617,-0.000169807,-0.000122975,-0.000425156,-0.000769736,-0.000772637,-0.000432686
"ABB126",-0.0110973,-0.00101729,-0.000730259,-0.000881772,3.86969e-05,-0.000599147,-0.00100741,-0.000453536,-0.00079457,-0.000331622
"ABB124",-0.0111123,-0.000269451,-0.000620204,-0.000916645,-0.000178779,-0.0011117,-0.000574986,-0.00048637,-0.000837988,-0.00107929
"ABB111",-0.00584069,0.00046775,0.000138342,0.000340222,0.000102222,0.000449336,0.000268899,0.000111803,0.00017924,0.000414591
"ABB110",-0.00551915,0.000319673,0.000159281,0.00041837,-4.96729e-05,0.000455253,0.00022344,0.000342662,0.000227805,0.000549366
"ABB109",-0.00580068,0.000361582,0.000195112,0.000306474,-2.38543e-05,0.000439714,0.000396609,0.000371333,0.000213758,0.000556125
"ABB090",-0.00558456,0.00046652,0.000280222,0.000375335,0.000155372,0.000525157,0.00031345,0.000366426,0.000261117,0.000323383
"ABB089",-0.00540996,0.000422914,0.000250581,0.000309607,0.000199867,0.000426729,0.000300425,0.000414189,0.000110602,0.000470089
"ABB081",0.0400989,0.00533438,0.00526984,0.0039511,-0.00142076,0.00437118,0.00449323,0.00291346,0.0020749,0.00319658
"ABB068",-0.0057199,0.00036863,0.000205794,0.000309141,0.000180387,0.000528152,0.000316404,0.000167315,0.000252494,0.000418635
"ABB060",-0.0106571,0.000155976,-0.000133251,-0.000845269,-0.000210564,-0.000998397,-0.00104405,-0.000817286,0.000290718,-0.000744105
"AB000058",-0.00479157,6.11407e-05,0.000225204,0.000390573,0.000118633,0.000404602,0.000396902,0.000473775,0.000254739,0.000540538
"ABB050",-0.00519491,0.000634639,0.00015777,0.000377199,0.000120657,0.000450713,0.000386075,0.000363823,0.000361937,0.00047767
"ABB043",-0.00977727,-0.000303075,-0.00023917,-0.000646847,-3.56505e-05,-0.000919886,-0.00117359,-0.000832742,-0.000357091,-0.000791686
"ABB039",-0.00554312,0.000487833,0.000298772,0.000299663,0.000186847,0.000387265,0.000427961,0.000433429,0.000202517,0.000458752
"ABB022",-0.00545554,0.000405364,0.00027174,0.000493511,8.45333e-05,0.000329829,0.000465842,0.00053901,0.000290241,0.000489355
"ABB021",-0.00413261,0.000221603,0.000194794,0.000102933,0.000211134,0.000687367,0.000398232,0.000445027,0.000406015,0.000850963
"AB000011",-0.00575128,0.000426949,0.000257084,0.000423988,6.95433e-05,0.000385496,0.000263279,0.000193714,0.000378835,0.000461944
"ABB002",-0.00546857,0.000469654,0.000221779,0.000399851,4.09039e-06,0.000580922,0.000288088,0.000126694,0.000232554,0.000588106
"AB00280",-0.0060789,-0.000253967,-0.00022248,-0.000334039,8.68635e-05,-9.37755e-05,-5.15296e-05,-0.00022956,-0.000148599,-8.14338e-05
"AAA008",0.0125953,-2.37399e-05,-0.000296088,-0.000255692,3.46735e-05,-2.57803e-05,-0.000193031,-0.000213161,-0.000118137,0.000290609
"AAA007",0.012845,-1.0025e-06,-0.000481728,-0.000159948,-3.52907e-05,4.64781e-05,-0.000394611,-0.000251693,-8.52853e-05,0.000555419
"AB397",NA,NA,NA,NA,NA,NA,NA,NA,NA,NA
"ABB001",NA,NA,NA,NA,NA,NA,NA,NA,NA,NA
"ABB156",NA,NA,NA,NA,NA,NA,NA,NA,NA,NA
"AF035397",NA,NA,NA,NA,NA,NA,NA,NA,NA,NA
"AF035823",NA,NA,NA,NA,NA,NA,NA,NA,NA,NA
"AF037662",NA,NA,NA,NA,NA,NA,NA,NA,NA,NA
"AF037663",NA,NA,NA,NA,NA,NA,NA,NA,NA,NA
"S06-058",NA,NA,NA,NA,NA,NA,NA,NA,NA,NA
"S01-038",NA,NA,NA,NA,NA,NA,NA,NA,NA,NA
"S01-074",NA,NA,NA,NA,NA,NA,NA,NA,NA,NA
"S01-097",NA,NA,NA,NA,NA,NA,NA,NA,NA,NA
"S02-103",NA,NA,NA,NA,NA,NA,NA,NA,NA,NA
"S02-173",NA,NA,NA,NA,NA,NA,NA,NA,NA,NA
"S03-001",NA,NA,NA,NA,NA,NA,NA,NA,NA,NA
"S03-018",NA,NA,NA,NA,NA,NA,NA,NA,NA,NA
"S03-211",NA,NA,NA,NA,NA,NA,NA,NA,NA,NA
"S03-213",NA,NA,NA,NA,NA,NA,NA,NA,NA,NA
"S04-033",NA,NA,NA,NA,NA,NA,NA,NA,NA,NA
"S04-103",NA,NA,NA,NA,NA,NA,NA,NA,NA,NA
"S04-151",NA,NA,NA,NA,NA,NA,NA,NA,NA,NA
"S05-027",NA,NA,NA,NA,NA,NA,NA,NA,NA,NA
"S05-054",NA,NA,NA,NA,NA,NA,NA,NA,NA,NA
"S05-060",NA,NA,NA,NA,NA,NA,NA,NA,NA,NA
"S05-091",NA,NA,NA,NA,NA,NA,NA,NA,NA,NA
"S05-161",NA,NA,NA,NA,NA,NA,NA,NA,NA,NA
"S06-064",NA,NA,NA,NA,NA,NA,NA,NA,NA,NA
"S06-082",NA,NA,NA,NA,NA,NA,NA,NA,NA,NA
"S06-107",NA,NA,NA,NA,NA,NA,NA,NA,NA,NA
"S06-117",NA,NA,NA,NA,NA,NA,NA,NA,NA,NA
"S07-034",NA,NA,NA,NA,NA,NA,NA,NA,NA,NA
"S08-006",NA,NA,NA,NA,NA,NA,NA,NA,NA,NA
"S08-025",NA,NA,NA,NA,NA,NA,NA,NA,NA,NA
"S08-028",NA,NA,NA,NA,NA,NA,NA,NA,NA,NA
"S08-045",NA,NA,NA,NA,NA,NA,NA,NA,NA,NA
"S09-050",NA,NA,NA,NA,NA,NA,NA,NA,NA,NA
"S09-051",NA,NA,NA,NA,NA,NA,NA,NA,NA,NA
"S09-054",NA,NA,NA,NA,NA,NA,NA,NA,NA,NA
"S10-068",NA,NA,NA,NA,NA,NA,NA,NA,NA,NA
"S10-071",NA,NA,NA,NA,NA,NA,NA,NA,NA,NA
"S10-073",NA,NA,NA,NA,NA,NA,NA,NA,NA,NA
"S10-076",NA,NA,NA,NA,NA,NA,NA,NA,NA,NA
"S10-077",NA,NA,NA,NA,NA,NA,NA,NA,NA,NA
