"CHROM","POS","REF","ALT","AB000011","AB000058","AB00280","ABB002","ABB021","ABB022","ABB039","ABB050","ABB053","ABB068","ABB081","ABB089","ABB090","ABB109","ABB110","ABB111","ABB141","ABB142","ABB148","ABB188","ABB192","ABB213","ABB215","ABB220","ABB223","ABB227","ABB236","ABB243","ABB244","ABB248","ABB254","ABB287","ABB291","ABB292","ABB311","ABB332","ABB336","ABB337","ABB340","ABB343","ABB352","ABB354","ABB361","AF032293","AF032366","AF032368","AF032371","AF032375","AF032384","AF032397","AF032408","AF032411","AF032421","AF032425","AF032433","AF032590","AF032599","AF033184","AF033188","AF033198","AF033208","AF033377","AF033381","AF033383","AF033392","AF033395","AF033404","AF033611","AF033613","AF033617","AF033621","AF034417","AF034419","AF034423","AF034424","AF034433","AF034438","AF034876","AF034905","AF034906","AF034908","AF034910","AF034911","AF034912","AF034913","AF034914","AF035345","AF035346","AF035349","AF035351","AF035356","AF035357","AF035358","AF035367","AF035369","AF035372","AF035374","AF035391","AF035393","AF035398","AF035410","AF035414","AF035415","AF035418","AF035465","AF035468","AF035472","AF035473","AF035479","AF035489","AF035528","AF035531","AF035535","AF035537","AF035538","AF035541","AF035544","AF035546","AF035552","AF035555","AF035563","AF035567","AF035568","AF035569","AF035570","AF035575","AF035577","AF035578","AF035579","AF035580","AF035583","AF035584","AF035585","AF035586","AF035587","AF035588","AF035590","AF035597","AF035599","AF035609","AF035613","AF035622","AF035623","AF035625","AF035722","AF035726","AF035728","AF035729","AF035730","AF035731","AF035734","AF035735","AF035736","AF035737","AF035738","AF035739","AF035740","AF035741","AF035742","AF035743","AF035744","AF035746","AF035747","AF035749","AF035750","AF035751","AF035752","AF035753","AF035754","AF035755","AF035756","AF035757","AF035758","AF035759","AF035761","AF035767","AF035768","AF035770","AF035773","AF035777","AF035778","AF035781","AF035785","AF035786","AF035787","AF035791","AF035793","AF035794","AF035797","AF035798","AF035800","AF035801","AF035802","AF035803","AF035804","AF035805","AF035807","AF035809","AF035810","AF035811","AF035813","AF035814","AF035815","AF035817","AF035819","AF035820","AF035821","AF035822","AF035824","AF035825","AF035826","AF035827","AF035828","AF035830","AF037636","AF037637","AF037638","AF037639","AF037641","AF037642","AF037643","AF037644","AF037645","AF037646","AF037647","AF037649","AF037651","AF037653","AF037654","AF037655","AF037656","AF037657","AF037658","AF037659","AF037660","AF037661","AF037664","AF037665","AF037666","AF037667","AF037668","AF037669","AF037678","AF037679","AF037681","AF037683","AF037686","AF037687","AF037688","AF037689","AF037691","AF037692","AF037693","AF037694","AF037695","AF037696","AF037697","AF037698","AF037699","AF037700","AF037710","GB001373","QW6","S01.053","S01.071","S02.034","S02.049","S02.062","S02.069","S02.079","S03.024","S03.052","S03.142","S04.018","S04.064","S04.101","S04.128","S04.211","S05.096","S05.134","S05.149","S06.002","S06.069","S06.074","S06.093","AAA007","MAT.135","AAA008","ABB384","PD017A","TR032.0","TR001.0","ABB060","ABB043","ABB130","ABB378","ABB124","ABB367","ABB126","ABB127","ABB134","ABB370"
1,10107367,"G","A",0,0,0,0,0,0,0,0,0,0,0,0,0,0,0,0,0,0,0,0,0,0,0,0,0,0,0,0,0,0,0,0,0,0,0,0,0,0,0,0,0,0,0,0,0,0,0,0,0,0,0,0,0,0,0,0,0,0,0,0,0,0,0,0,0,0,0,0,0,0,0,0,0,0,0,0,0,0,0,0,0,0,0,0,0,0,0,0,0,0,0,0,0,0,0,0,0,0,0,0,0,0,0,0,0,0,0,0,0,0,0,0,0,0,0,0,0,0,0,0,0,0,0,0,0,0,0,0,0,0,0,0,0,1,0,0,0,0,0,0,0,0,0,0,0,0,0,0,0,0,0,0,0,0,0,0,0,0,0,0,0,0,0,0,0,0,0,0,0,0,0,0,0,0,0,0,0,0,0,0,0,0,0,0,0,0,0,0,0,0,0,0,0,0,0,0,0,0,0,0,0,0,0,0,0,0,0,0,0,0,0,0,0,0,0,0,0,0,0,0,0,0,0,0,0,0,0,0,0,0,0,0,0,0,0,0,0,0,0,0,0,0,0,0,0,0,0,0,0,0,0,0,0,0,0,0,0,0,0,0,0,0,0,0,0,0,0,0,0,0,0,0,0,0,0,0,0,0,0,0,0,0,0,0,0,0,0,0,0,0,0,0,0,0,0,0,0,0,0,0,0,0
1,10736809,"T","C",1,0,1,2,1,1,2,0,1,0,0,1,1,2,1,1,1,1,0,0,1,0,1,1,1,2,1,0,0,1,0,1,0,0,1,1,1,1,2,2,1,0,1,1,2,1,1,0,1,1,0,1,0,2,2,1,1,0,2,2,1,0,1,0,1,1,0,0,0,1,0,2,0,0,0,1,0,1,0,1,1,1,0,2,0,1,0,1,1,1,1,1,2,0,0,1,1,1,1,1,0,0,1,0,0,2,0,1,0,0,0,1,1,0,0,1,0,1,1,1,1,0,1,0,0,1,0,1,0,0,1,0,1,2,0,0,0,1,0,1,2,1,0,1,1,0,2,1,1,1,0,1,0,1,1,1,2,0,0,0,1,0,1,1,0,0,1,1,1,1,0,1,1,1,2,1,1,1,0,1,1,2,1,2,1,1,1,0,1,1,0,0,0,1,1,0,1,0,0,0,1,0,1,1,2,0,0,0,0,2,2,0,0,0,1,1,0,2,1,0,1,0,2,0,0,2,2,2,1,0,0,0,1,0,0,1,1,1,0,1,1,0,0,1,1,1,0,1,0,1,0,1,0,1,1,0,1,0,2,1,1,0,0,0,0,0,0,1,0,1,0,1,1,2,1,0,1,0,1,2,1,2,2,1,2,1,2,1,1,0,0,0,1,1,0,1,1,2,0,1,1,1
1,51069367,"G","A",0,0,0,0,0,0,0,0,0,0,0,0,0,0,0,0,0,0,1,1,0,0,0,0,0,0,0,0,0,0,0,0,0,0,2,0,0,0,0,0,0,0,0,0,0,0,0,0,0,0,0,0,0,0,0,0,0,0,0,0,0,0,0,1,0,0,0,0,0,0,0,0,0,0,0,0,0,0,0,0,0,0,0,0,0,0,0,0,0,0,0,0,0,0,0,0,0,0,0,1,0,0,0,0,0,0,0,0,0,0,0,0,1,0,0,0,0,0,0,0,0,0,0,0,0,0,1,0,0,0,0,0,0,0,0,0,0,0,0,0,0,0,0,0,0,0,0,0,0,0,0,0,0,0,0,0,0,0,0,0,0,0,0,0,0,0,0,0,0,0,0,0,0,0,0,0,0,0,0,0,0,0,0,0,0,0,1,0,0,0,0,0,0,0,0,1,0,0,0,0,0,0,0,1,0,0,0,0,0,0,0,0,0,0,0,0,0,0,0,0,0,0,0,0,0,0,0,0,0,0,0,0,1,0,0,0,0,0,0,0,0,0,1,0,0,0,0,0,0,0,0,0,0,0,0,0,0,0,0,0,0,0,0,0,0,0,1,0,0,0,0,0,0,0,0,0,0,0,0,0,0,0,0,0,0,0,0,0,0,0,0,0,0,0,0,0,0,0,0,0,0,0
1,111849738,"G","T",0,0,0,0,0,0,0,0,0,0,0,0,0,0,0,1,0,0,1,0,0,0,0,0,0,0,0,0,0,0,0,0,0,0,1,0,0,0,1,0,0,1,0,0,1,0,0,1,0,0,1,0,0,0,1,0,0,0,0,1,0,0,0,0,0,1,0,0,0,2,0,0,0,0,0,0,0,0,0,0,0,0,1,0,0,0,0,0,0,0,1,0,1,0,0,0,1,0,0,0,0,0,0,0,0,0,1,0,0,0,1,0,0,0,0,0,0,2,1,0,0,1,0,0,1,0,0,0,0,0,0,0,0,0,0,0,0,2,0,2,1,0,0,0,0,0,0,1,0,0,1,1,0,0,0,0,1,0,0,0,0,1,1,0,1,0,0,0,0,0,0,0,0,0,2,0,0,0,0,0,1,0,1,0,0,1,0,1,0,0,0,0,1,0,0,0,0,0,0,0,1,1,0,0,0,0,0,1,0,0,0,0,0,0,0,1,0,0,0,0,0,0,1,0,0,1,1,0,0,0,1,0,0,1,0,1,1,0,0,0,0,0,1,0,1,0,1,0,1,0,0,0,1,0,0,0,0,0,0,0,0,1,0,1,0,0,0,0,0,0,0,0,0,0,0,0,1,0,0,0,0,0,0,0,0,0,0,0,0,0,0,0,0,0,0,0,0,0,0,0,0,0
1,115768197,"G","C",0,1,1,0,1,1,0,1,2,1,1,1,1,0,2,0,0,1,0,0,1,0,0,2,0,0,1,0,1,2,0,1,0,1,2,0,1,1,1,0,1,0,0,0,1,1,1,0,0,0,0,1,0,1,0,1,0,0,2,1,1,1,1,1,1,0,1,1,0,0,1,0,0,1,1,0,1,1,0,1,0,1,1,0,0,1,0,2,1,0,0,0,1,1,0,2,1,0,1,1,2,0,1,1,2,1,1,0,0,1,0,1,0,1,1,2,1,1,1,0,0,0,1,0,1,0,0,0,0,0,0,0,0,2,0,0,0,0,0,1,0,0,0,1,1,2,0,1,0,1,2,1,0,0,0,0,0,2,0,0,0,0,1,1,0,1,1,1,1,1,1,0,0,0,1,1,2,0,0,0,0,2,1,0,0,0,0,1,1,1,0,0,0,0,1,1,0,0,0,0,0,0,0,0,0,1,1,0,1,1,1,0,0,1,0,0,1,0,0,0,1,1,0,0,0,1,1,1,0,1,0,0,0,2,0,0,1,0,1,0,1,1,0,0,1,0,1,0,2,0,0,1,0,0,0,1,1,0,0,1,0,0,0,0,1,1,0,0,0,0,0,0,1,1,0,0,1,0,0,0,0,0,0,0,0,1,0,0,0,1,0,2,2,1,0,1,0,1,1,0,0,1
1,147783720,"G","A",0,0,0,0,0,0,0,1,0,0,1,0,0,0,0,0,0,0,0,0,1,0,0,0,0,0,0,0,0,0,0,0,0,0,0,0,1,0,0,0,0,0,0,0,0,0,0,0,0,0,1,0,0,0,0,0,0,0,1,1,1,0,0,0,0,0,0,0,0,0,0,0,0,0,0,0,0,0,0,0,0,0,0,1,1,0,0,0,0,0,0,1,0,0,0,0,0,0,0,0,0,0,1,0,0,0,0,0,0,0,1,1,0,1,0,1,0,0,0,0,0,0,0,0,0,0,0,0,0,0,0,0,0,0,0,0,0,0,0,1,0,0,0,0,0,0,0,0,0,1,0,0,0,0,0,0,0,0,0,0,0,0,0,1,0,0,0,0,0,0,0,0,0,0,0,0,0,0,0,0,0,0,0,0,0,0,0,0,0,0,0,0,0,0,0,0,0,0,0,0,0,0,0,0,0,0,0,0,0,0,1,0,0,0,0,0,0,0,0,1,0,0,1,0,0,0,0,0,0,0,0,0,0,0,0,0,0,0,0,0,0,0,0,0,0,0,0,0,0,0,0,0,0,0,0,0,0,0,0,0,0,1,0,0,0,0,1,0,0,0,0,0,0,1,0,0,0,0,0,0,0,0,0,0,1,0,0,0,0,0,0,0,0,0,0,0,0,0,0,0,0,0
1,154890476,"C","T",1,1,1,1,0,1,1,0,1,1,1,0,1,1,1,0,1,0,0,2,0,1,0,1,1,0,0,0,0,0,0,1,0,2,1,0,1,0,0,2,2,0,1,1,1,2,0,1,1,2,0,0,2,0,1,1,1,0,1,0,1,2,1,2,0,1,1,1,1,0,1,1,2,0,1,0,0,1,0,1,2,2,1,0,1,1,0,0,1,1,2,1,2,1,0,2,0,0,2,1,0,0,0,2,2,1,0,1,0,0,1,1,0,1,0,2,2,1,1,2,1,1,1,2,1,0,0,1,1,0,1,1,1,1,1,1,0,0,1,0,1,0,1,1,0,1,1,0,1,2,1,1,1,0,0,1,0,1,1,0,2,1,0,1,0,2,1,0,0,0,1,0,0,2,1,1,1,0,1,1,0,0,1,2,1,0,0,1,2,1,1,1,0,1,0,1,2,2,1,2,1,0,2,1,1,1,1,0,0,2,2,2,1,2,1,0,1,2,1,1,2,0,0,0,1,0,0,0,1,1,1,0,0,2,0,1,0,1,1,2,0,2,0,0,0,1,1,1,2,0,0,0,1,0,1,0,1,0,1,1,2,0,1,1,1,1,1,1,1,2,0,0,1,1,0,1,1,1,0,1,2,1,1,0,2,0,0,1,1,1,2,2,1,1,0,1,0,0,0,1,0,0
1,170224684,"G","C",0,0,0,0,0,0,0,0,0,0,0,1,0,0,1,1,0,0,0,0,0,0,0,0,0,0,0,0,0,0,0,1,0,1,1,0,0,0,0,0,0,0,0,1,0,0,0,0,0,1,0,0,0,0,0,0,0,0,0,0,0,0,0,0,1,0,1,0,0,0,1,0,0,0,1,0,0,0,0,0,0,1,0,0,2,0,0,0,1,0,0,1,0,0,0,1,0,0,0,1,0,0,0,0,1,1,0,0,1,0,1,0,1,1,0,0,1,0,0,1,0,0,0,0,0,0,0,0,0,0,0,1,1,0,0,1,0,0,0,0,0,0,0,0,1,0,0,0,0,0,0,2,1,2,0,0,0,0,0,0,0,0,0,0,0,0,0,0,1,0,0,0,0,1,0,0,0,1,1,0,1,1,0,1,0,0,0,1,2,1,0,0,0,0,0,0,0,0,0,0,1,1,0,0,0,0,0,0,0,0,0,0,0,0,1,0,0,0,0,1,0,0,0,1,0,0,0,0,1,1,0,0,1,0,0,1,0,0,0,0,0,0,0,0,0,0,0,0,0,0,0,1,0,0,0,0,0,1,0,0,2,0,0,0,0,0,0,0,0,0,1,0,0,0,1,1,0,1,1,0,0,0,0,0,1,0,0,0,0,0,0,0,0,0,0,0,0,1,0,1,0,1
1,170648165,"G","T",0,1,1,1,2,0,2,1,0,1,2,1,2,2,1,0,1,1,1,1,1,1,1,2,1,2,1,2,0,2,2,0,1,1,1,0,2,1,2,2,2,0,2,1,2,2,0,1,0,1,1,1,1,0,0,2,0,1,2,2,1,1,1,1,2,1,1,1,1,1,1,1,2,1,2,0,1,1,2,1,1,1,1,2,0,0,1,0,1,1,1,2,2,0,2,0,1,2,0,1,1,2,1,0,0,1,1,2,1,0,1,2,1,2,1,1,0,1,1,1,2,2,1,2,2,0,0,0,1,1,2,1,1,1,0,1,1,0,2,0,2,2,1,1,0,0,2,1,1,1,1,0,1,1,1,2,1,1,0,2,1,2,1,1,1,1,1,0,1,0,0,1,1,1,0,2,0,1,2,2,1,1,2,1,1,1,1,0,0,0,1,1,2,2,1,1,1,0,0,0,0,1,1,1,1,2,1,2,1,0,1,1,0,2,2,1,1,2,2,1,2,0,0,0,1,1,2,1,2,1,0,0,1,1,2,0,1,2,1,2,2,1,2,0,2,1,1,1,2,1,2,0,1,0,2,1,0,0,1,0,1,1,2,2,1,1,2,0,0,1,0,2,1,2,1,2,2,0,2,2,1,0,2,1,0,1,2,1,1,1,1,0,2,2,1,1,2,2,2,1,2,1
1,203057086,"T","G",1,2,1,0,1,0,1,1,1,1,1,1,1,0,0,1,2,0,1,1,2,0,1,0,2,2,2,1,2,2,2,1,1,2,1,2,1,0,1,1,0,1,2,0,2,1,0,2,2,2,1,2,0,1,0,0,0,1,1,1,1,0,1,1,1,0,2,1,2,0,1,1,1,1,2,1,2,1,0,1,1,2,2,0,0,1,1,1,1,1,1,0,1,1,1,1,0,1,1,1,2,1,1,1,2,1,0,2,1,0,0,1,2,0,0,2,2,0,1,1,1,1,1,2,0,2,1,1,1,2,1,0,1,0,0,1,0,1,1,1,1,2,0,1,0,1,1,1,2,1,1,1,0,1,1,1,1,0,2,0,0,0,1,0,2,1,2,2,1,2,1,1,2,2,0,0,1,1,1,2,1,1,1,1,0,1,1,1,1,1,0,1,1,2,0,0,2,1,0,1,1,1,1,1,1,0,0,1,1,0,1,2,1,2,2,0,0,0,1,1,0,1,1,1,2,0,1,1,2,1,0,1,0,1,1,2,1,0,1,2,2,1,1,1,2,1,1,2,1,1,1,0,1,1,1,1,1,1,0,1,1,2,0,2,0,0,2,1,0,1,2,0,1,2,2,0,2,1,0,1,2,1,1,1,2,2,1,0,2,0,0,1,0,1,1,1,2,1,1,2,1,0
1,205748695,"A","C",1,1,1,1,1,1,0,1,2,1,1,1,1,2,0,0,1,1,2,0,2,0,0,1,2,0,1,0,0,0,2,1,1,1,1,0,0,2,0,1,1,0,0,0,1,2,0,1,2,1,1,0,1,0,0,0,1,2,1,0,1,1,1,2,0,2,1,0,2,1,1,1,1,1,0,0,0,0,0,1,1,1,1,0,0,1,2,0,0,1,0,1,1,1,0,2,1,1,1,0,0,2,1,1,1,0,1,0,1,0,2,1,1,2,1,1,1,1,1,0,0,1,1,2,0,0,1,1,0,0,0,2,1,0,1,1,1,1,0,0,1,2,1,1,0,0,0,0,2,1,0,1,0,2,0,0,1,0,1,1,0,1,1,1,1,1,0,1,1,1,1,1,2,1,1,1,1,1,1,1,1,2,1,0,0,0,0,0,0,1,0,1,0,1,1,1,0,0,1,0,1,0,0,1,2,1,0,1,1,1,0,1,1,0,1,0,2,1,0,1,0,0,1,0,1,0,1,0,2,0,0,2,2,2,1,1,2,1,0,0,0,1,0,0,0,1,0,0,0,1,0,0,0,1,0,1,0,1,0,1,1,0,1,1,0,1,0,1,1,1,1,2,0,0,0,1,0,0,0,0,0,1,0,1,1,1,2,1,1,1,1,0,0,0,1,0,1,0,0,0,1,1
10,63556040,"G","T",1,1,1,1,1,1,2,1,0,0,0,1,0,1,1,1,1,2,0,2,2,0,1,1,1,0,1,0,0,1,2,1,0,1,1,0,1,1,1,1,1,1,0,1,1,0,2,2,1,1,0,1,2,1,0,1,0,1,1,1,0,1,0,0,2,1,1,0,2,2,1,0,0,1,1,1,2,1,1,1,1,1,0,1,0,2,1,0,1,0,1,1,1,1,0,1,0,1,1,1,1,1,0,1,1,1,1,1,0,1,1,0,0,2,0,0,1,2,2,2,0,0,2,0,0,1,0,0,0,0,1,1,1,1,0,0,1,0,0,1,2,1,2,0,1,2,1,1,1,1,1,0,0,0,2,1,1,1,0,2,1,1,2,0,2,2,1,0,0,1,0,0,0,2,1,1,2,1,0,0,2,1,2,1,1,1,2,0,2,1,1,1,1,0,1,1,1,0,2,0,1,0,2,2,2,0,0,2,1,0,0,2,1,1,1,2,0,1,0,0,0,2,1,2,2,1,1,0,1,1,1,0,2,0,0,0,2,1,0,0,1,1,1,2,1,0,2,2,2,0,1,1,1,0,2,2,1,1,1,2,0,1,2,1,1,0,1,1,1,0,0,2,1,1,1,1,0,1,1,1,1,0,2,0,0,0,2,0,2,0,2,2,1,0,1,0,0,2,1,1,0,0
10,73654586,"G","C",0,1,0,1,0,0,0,0,0,1,1,1,0,0,0,0,2,0,0,0,0,0,0,1,0,0,0,0,0,0,1,1,1,1,0,0,0,0,0,0,0,0,1,0,1,0,0,0,1,0,0,0,1,0,0,1,0,1,1,0,0,0,0,0,0,0,0,0,1,0,1,0,0,0,0,0,0,0,0,0,0,0,1,0,1,0,0,0,0,0,0,0,0,0,0,0,1,1,0,0,0,0,0,0,1,0,0,1,0,1,0,0,0,0,1,0,1,0,0,0,0,0,0,1,1,0,0,0,0,0,1,0,0,0,0,2,0,0,0,0,1,0,1,0,0,1,0,0,0,0,0,0,0,0,0,0,0,0,0,1,0,0,0,0,0,0,0,0,0,0,0,0,0,0,0,0,1,1,0,1,0,0,1,1,0,0,0,2,0,0,0,0,0,1,0,0,0,0,0,0,0,2,0,0,0,0,0,0,1,0,1,0,0,1,0,0,0,0,1,1,0,1,0,2,0,1,1,2,0,1,0,0,0,1,0,0,1,0,0,0,1,0,0,0,1,0,0,0,1,0,0,0,0,1,1,0,0,0,0,1,0,0,0,0,0,0,2,0,0,0,0,0,0,0,0,0,0,0,0,1,0,0,0,0,0,0,0,0,1,0,0,1,0,2,1,0,0,0,0,0,0,1
10,76175587,"A","G",0,1,0,1,0,1,1,0,0,1,1,0,0,0,0,1,0,1,1,0,0,1,0,1,1,0,1,0,1,0,1,0,1,0,2,0,1,1,0,1,0,1,0,1,0,0,0,1,0,0,0,0,0,1,1,0,0,0,0,1,0,0,2,0,0,1,0,0,0,0,0,0,1,2,0,0,0,1,0,2,1,0,0,0,0,0,0,0,1,0,0,0,0,2,0,0,0,0,1,1,1,1,0,1,0,1,1,1,0,0,0,0,0,2,0,2,0,1,0,0,0,0,0,1,1,1,1,0,1,0,0,0,0,0,0,1,0,1,0,0,1,0,1,0,0,0,1,0,1,0,1,0,0,0,1,1,1,0,1,0,1,0,0,1,0,0,0,0,2,0,0,0,1,1,2,0,0,1,0,1,0,1,0,0,1,0,0,0,0,0,0,1,0,0,1,1,0,1,0,1,0,1,0,0,1,1,1,0,0,1,1,0,0,0,0,0,1,0,0,0,0,0,0,0,0,1,1,0,0,1,0,0,1,0,0,0,1,0,0,1,0,0,1,0,0,0,0,0,0,0,1,0,0,0,1,2,0,0,1,1,1,0,0,0,1,1,0,0,1,0,1,0,0,1,0,0,0,1,0,0,0,1,1,0,1,0,0,0,0,0,0,0,1,0,1,0,0,1,0,1,0,0
10,101845957,"T","C",0,2,0,0,2,2,0,2,0,1,0,1,1,0,0,0,0,1,0,0,1,0,1,1,0,2,0,1,1,0,0,0,0,1,0,0,0,0,2,1,0,0,1,0,1,1,1,0,0,1,0,2,0,1,0,0,1,0,0,1,0,2,1,1,0,1,0,0,1,0,1,1,1,0,0,0,1,0,1,1,1,0,0,0,1,1,0,1,0,2,0,2,0,0,0,0,1,1,0,2,0,1,0,1,1,1,1,0,1,1,0,1,0,1,1,1,1,0,1,0,0,1,0,0,1,1,0,1,2,0,1,0,0,0,0,0,1,1,0,1,0,0,1,2,1,0,1,0,1,1,1,1,0,1,1,0,1,0,0,1,2,1,2,1,0,1,0,0,0,0,0,0,2,1,0,0,0,0,1,1,0,2,1,0,1,1,0,2,1,1,0,0,1,1,0,0,1,1,0,0,1,0,1,0,0,1,1,0,2,0,2,0,1,0,0,0,1,0,1,0,1,1,0,1,0,0,1,0,1,1,0,2,0,0,1,1,1,1,1,0,0,1,1,0,0,0,1,1,0,1,1,1,1,0,1,1,1,0,0,0,0,1,2,1,1,1,2,1,1,1,0,1,2,0,1,1,0,1,0,0,0,2,0,0,0,1,1,1,1,1,1,2,0,1,2,1,1,0,2,1,1,1
10,103582915,"A","G",1,1,2,1,0,0,0,0,1,0,0,0,1,0,1,1,1,0,1,0,0,0,0,0,0,0,0,0,0,1,1,0,0,0,1,0,0,0,0,1,0,1,0,0,0,0,1,1,0,1,0,1,0,1,1,2,1,0,0,0,1,0,0,1,1,0,1,1,0,2,0,1,0,0,0,0,1,1,0,0,2,0,0,1,0,1,1,0,0,0,2,1,2,0,1,1,1,0,1,1,1,0,1,0,0,0,0,0,2,1,1,1,0,1,0,1,0,1,0,1,2,0,0,2,1,0,0,1,0,2,0,0,0,1,0,0,1,1,0,0,0,0,1,2,0,0,0,0,2,0,1,1,0,0,0,1,1,1,0,2,1,1,0,1,0,0,0,0,0,0,1,0,0,0,0,0,1,1,0,0,0,1,0,0,0,1,0,1,1,0,0,0,0,0,2,1,0,1,0,1,0,0,0,0,1,0,0,0,0,1,1,0,0,0,1,1,0,1,1,0,0,0,1,1,2,0,0,0,1,0,1,1,0,0,0,0,0,1,1,1,0,1,0,0,0,1,0,1,0,1,0,0,1,1,0,0,1,0,1,1,0,0,0,0,0,0,0,1,1,0,0,1,1,0,0,0,1,0,0,0,0,0,0,1,1,1,1,1,1,0,0,0,0,1,0,0,0,1,0,0,0,0
11,19988967,"G","A",1,2,2,2,1,2,2,2,1,2,2,1,2,0,2,2,0,1,2,2,2,2,2,2,2,2,2,1,0,2,0,2,2,1,1,1,1,0,1,1,1,0,1,2,2,2,2,1,2,2,2,1,2,0,1,2,1,1,1,1,2,0,1,1,1,0,1,2,1,2,2,1,2,1,2,1,1,1,2,2,1,2,2,1,1,1,2,2,1,1,1,1,2,1,0,2,2,1,1,1,2,2,1,0,2,2,2,2,1,2,2,2,1,2,2,2,2,2,2,2,2,2,2,2,2,2,1,2,2,2,2,0,1,2,1,1,2,1,2,2,2,1,0,2,1,2,1,2,2,2,1,1,2,2,2,2,1,0,2,2,0,2,2,0,1,1,2,2,1,2,2,2,1,2,2,2,2,2,2,1,1,1,2,1,1,2,1,2,2,1,1,2,2,1,2,2,0,0,2,2,1,2,0,2,2,2,2,1,1,0,1,1,0,2,0,2,0,0,2,1,1,1,2,1,2,2,1,2,2,2,1,2,2,2,2,2,2,2,1,2,1,0,2,2,2,1,1,1,2,0,1,1,2,1,2,0,1,1,1,0,1,2,1,2,2,1,2,1,1,2,1,1,2,1,1,2,2,1,2,0,0,2,2,2,0,0,2,2,0,1,1,1,2,2,1,2,2,1,2,2,1,2
11,121758299,"C","T",0,2,1,1,0,1,2,1,2,2,2,2,2,2,1,1,2,1,2,2,1,2,2,2,1,2,1,2,2,1,0,1,1,1,2,2,0,2,2,1,2,1,1,0,2,0,1,1,2,0,2,2,2,2,2,1,2,1,2,2,1,1,2,1,1,2,1,2,1,2,2,2,1,2,2,1,1,1,2,2,0,2,2,2,0,2,1,1,2,1,2,1,0,2,1,1,2,1,2,2,1,1,1,2,2,2,2,2,1,2,1,2,2,2,1,0,2,1,2,1,2,2,2,1,1,1,1,2,2,1,2,2,2,2,2,2,1,1,2,1,1,1,1,1,1,1,2,1,1,0,2,0,2,1,1,2,2,0,1,1,1,2,0,1,1,1,1,1,1,2,2,1,2,2,2,2,2,2,0,0,2,1,1,2,1,2,1,2,0,2,1,2,2,2,2,1,2,2,2,2,2,2,1,1,2,1,2,2,1,2,2,2,2,2,1,1,2,1,2,1,2,1,1,2,0,2,2,1,2,2,1,2,2,2,1,2,2,1,1,2,2,2,1,1,2,0,2,2,2,1,1,2,2,1,1,2,1,1,2,1,0,2,0,2,2,1,1,2,2,2,1,2,2,2,0,2,0,1,1,2,2,1,2,2,1,0,2,2,2,0,0,1,2,0,2,1,0,2,1,1,1,1
11,128894675,"G","A",0,0,0,0,1,0,0,1,0,0,0,0,0,0,0,0,0,0,1,0,0,0,1,0,0,0,1,0,0,1,0,0,1,0,0,1,0,1,0,0,1,0,0,2,0,0,1,0,1,0,0,1,0,0,1,1,0,0,0,0,0,1,1,0,0,0,1,0,0,0,0,0,2,0,0,0,0,0,0,0,0,0,0,0,0,0,0,1,0,0,0,0,0,1,0,0,0,0,0,0,1,0,0,0,1,0,0,0,0,0,2,0,0,1,1,0,0,0,0,0,0,0,0,0,1,0,0,1,0,0,0,0,0,1,0,0,1,0,0,0,0,0,0,0,0,0,0,0,0,0,0,0,0,0,1,0,1,0,0,0,0,0,0,0,0,0,0,0,0,0,0,0,0,0,1,0,0,0,1,0,0,0,0,0,0,0,0,0,0,0,1,0,0,1,1,0,0,0,0,0,0,0,0,0,1,0,0,1,0,0,0,0,1,0,0,0,0,0,1,0,0,0,0,0,0,1,0,0,1,1,1,0,0,0,0,0,0,1,0,0,0,0,0,0,0,0,0,0,0,0,0,0,0,0,0,0,0,2,0,1,1,0,0,1,0,1,0,0,0,1,0,0,0,0,0,1,0,0,0,0,0,0,0,0,0,0,0,0,0,0,0,0,1,0,0,0,1,0,0,0,0,2
12,24619033,"C","T",1,0,0,0,1,1,0,0,0,0,1,0,1,1,0,0,0,1,0,0,0,1,0,0,0,0,0,1,0,0,1,1,0,0,0,0,0,0,0,1,0,0,0,0,1,0,0,1,0,0,0,0,1,1,0,0,0,1,0,1,0,0,0,0,1,0,1,1,0,0,0,0,0,1,0,1,0,1,0,0,0,0,1,0,0,1,2,0,0,1,0,0,0,0,0,0,0,0,0,1,0,0,0,1,0,0,1,0,1,0,0,0,0,0,2,0,0,0,0,0,0,0,1,1,0,0,0,1,0,1,2,0,1,0,0,1,0,0,0,0,1,0,0,0,0,1,0,0,1,0,0,0,0,0,0,0,0,1,0,2,0,1,0,0,0,1,0,0,0,1,0,0,1,0,0,1,1,0,0,0,1,0,1,1,0,1,0,1,0,0,0,0,1,0,0,1,0,1,0,0,0,0,0,0,1,2,1,0,0,1,0,0,0,0,0,1,0,0,0,0,0,0,0,0,1,0,0,0,0,0,0,0,1,0,0,0,0,0,0,0,0,1,0,0,0,0,0,0,0,0,0,0,0,1,0,1,1,0,0,0,0,0,1,1,0,0,1,0,0,1,0,1,0,0,0,1,0,1,0,0,0,1,0,1,0,1,1,0,0,0,1,0,0,0,0,0,0,0,0,0,0,0
12,26195496,"C","G",2,0,1,0,1,0,0,0,0,1,0,1,1,2,0,1,0,0,0,0,0,0,0,0,1,0,0,1,1,0,1,0,0,0,0,0,1,0,1,2,0,1,0,0,1,0,0,1,0,1,1,0,1,0,1,0,0,0,0,0,0,1,2,0,0,1,0,0,0,0,1,1,0,0,0,0,1,0,0,1,0,2,0,0,0,0,2,0,0,0,0,1,0,0,1,0,0,1,0,0,1,0,0,0,1,0,0,0,0,0,0,1,0,0,0,0,0,0,1,0,0,0,1,0,0,1,1,1,0,0,1,1,0,1,0,2,1,0,2,0,1,2,2,0,0,1,0,0,2,0,2,0,1,0,0,0,0,2,1,0,0,1,0,1,0,0,0,0,0,1,2,0,0,1,0,1,0,0,2,2,0,0,2,1,0,1,0,1,1,0,1,1,0,0,0,1,0,0,0,0,1,1,1,0,1,0,1,0,2,0,0,0,0,0,0,0,0,0,0,0,0,0,1,2,1,0,0,0,1,1,0,1,0,0,1,0,0,0,0,0,1,0,0,0,0,0,0,0,0,0,0,0,1,0,2,0,0,1,0,0,0,1,0,1,1,2,1,0,1,0,1,2,0,0,0,1,1,0,0,0,2,1,1,0,1,1,0,1,0,0,0,0,1,0,0,0,0,0,1,0,0,0
12,32825503,"T","C",0,0,0,1,0,1,0,0,1,0,0,0,0,0,1,0,0,0,0,1,0,0,0,0,0,0,0,0,0,2,1,0,0,1,0,0,0,1,0,0,0,0,0,0,0,0,0,1,0,0,0,0,0,0,0,1,0,1,0,0,1,1,0,0,0,2,1,1,1,0,0,1,0,2,0,1,1,1,0,0,0,1,0,0,0,0,0,0,0,0,2,1,0,0,0,2,1,0,1,0,0,0,0,1,1,1,0,2,1,1,0,0,0,1,1,0,0,0,1,1,0,0,2,0,0,1,0,1,0,0,0,1,0,1,0,1,0,1,0,1,1,1,2,0,0,0,2,1,0,0,0,1,0,0,1,0,0,0,0,0,0,0,0,0,0,0,0,1,0,1,0,1,1,0,0,0,1,0,1,0,2,0,1,0,0,0,1,0,1,1,2,0,1,0,1,0,0,0,0,0,0,0,1,0,1,0,0,0,0,1,1,0,0,1,0,0,1,0,0,0,0,1,0,1,0,0,0,0,0,0,1,1,0,0,1,0,0,0,1,0,0,1,0,0,0,0,1,0,1,2,0,1,1,1,0,0,0,1,0,0,1,0,0,0,0,1,0,0,0,0,0,0,0,1,0,0,0,0,0,1,1,2,1,1,1,1,0,1,0,0,0,0,0,0,0,0,1,1,0,0,0,1
12,56709370,"T","C",1,2,1,1,1,2,1,1,0,2,2,2,2,0,2,2,2,1,1,1,0,1,0,1,1,1,1,1,1,2,2,2,2,2,1,2,2,2,2,2,2,2,1,2,2,1,1,1,2,0,2,2,1,1,1,1,2,1,2,2,2,1,1,1,1,1,2,1,2,1,1,1,2,1,1,2,2,1,2,1,1,1,1,0,1,2,1,2,1,2,2,2,0,1,2,1,1,1,2,0,0,2,1,2,0,0,2,2,1,2,2,1,1,2,1,2,1,1,2,1,2,2,0,1,2,2,1,2,0,1,1,2,2,2,1,2,2,0,0,1,1,1,1,1,1,2,2,1,2,0,2,1,1,2,2,2,2,1,2,1,2,2,2,2,1,1,1,0,0,2,1,2,1,2,1,2,2,1,2,2,2,1,2,2,0,0,2,1,1,1,0,1,1,1,2,2,1,2,1,2,2,2,1,2,2,2,1,2,1,1,2,2,1,2,2,1,1,1,1,2,1,1,1,2,1,0,2,2,2,2,2,2,1,2,1,2,2,2,1,2,2,1,2,1,2,1,0,2,0,1,2,1,2,2,2,2,2,1,1,1,2,1,2,1,0,2,1,1,1,2,2,1,2,0,2,2,2,2,2,1,1,2,2,2,2,1,1,1,2,2,0,1,2,2,1,2,2,2,2,2,2,1
12,69703684,"T","C",1,0,2,2,1,2,2,2,1,1,0,1,2,1,0,0,0,1,2,1,0,1,1,2,1,1,1,0,1,1,1,0,1,2,1,0,1,2,2,0,2,2,2,2,1,2,1,1,1,1,1,2,2,0,1,1,2,2,0,1,1,0,1,1,0,1,2,0,0,0,1,1,1,1,0,0,0,2,2,1,2,1,1,1,2,1,1,1,1,1,1,1,1,1,2,1,1,2,1,2,0,0,2,0,0,1,0,1,2,1,1,0,0,1,0,1,0,0,1,1,2,0,2,1,1,2,2,0,1,0,1,0,0,1,2,2,1,0,1,0,0,1,1,1,1,1,1,1,0,1,0,0,2,1,2,1,0,1,0,1,2,1,0,1,1,0,1,1,2,1,1,2,1,2,0,1,1,1,1,1,1,0,1,0,1,0,1,0,2,1,1,0,2,0,2,0,1,1,2,1,0,1,0,2,2,1,1,1,2,0,0,2,0,0,0,1,1,1,0,2,1,2,0,2,1,2,0,0,1,0,0,0,2,2,1,1,1,1,1,0,1,0,1,2,1,2,1,0,0,1,1,1,1,0,2,1,0,1,2,1,0,1,1,2,0,1,1,1,0,1,1,2,0,1,0,0,1,1,1,0,1,1,1,0,2,2,1,1,0,1,2,2,1,0,1,2,0,0,1,1,1,1
12,75830037,"G","A",0,0,1,0,1,2,2,1,1,1,1,2,1,1,0,0,2,0,1,1,1,0,1,0,1,1,0,0,1,1,1,2,1,1,2,1,1,1,2,0,1,1,1,0,0,1,1,1,1,2,2,0,1,0,1,0,2,0,0,2,0,2,0,0,0,1,0,1,0,2,1,0,1,1,1,0,2,2,0,0,0,0,1,1,1,0,0,1,1,1,0,0,0,0,0,0,2,0,1,0,1,1,0,1,1,2,0,1,1,1,0,1,1,2,1,2,0,1,1,2,1,2,0,1,0,0,2,1,1,0,1,2,0,1,1,1,1,1,0,1,0,0,2,1,1,2,0,0,0,2,0,1,0,2,1,0,1,0,0,0,1,1,1,1,2,1,0,1,0,1,2,2,0,1,0,1,0,2,2,1,0,1,2,0,1,2,2,2,1,2,0,1,0,1,2,1,2,0,1,1,1,2,0,1,0,0,0,0,1,1,1,2,0,1,1,0,0,1,2,0,1,1,0,1,0,1,1,1,1,0,0,1,2,1,1,1,2,2,1,1,1,2,1,0,2,1,0,2,0,2,2,1,1,1,1,2,1,0,0,0,0,1,1,2,1,1,2,0,2,1,1,2,2,2,0,0,0,0,1,0,1,0,2,0,1,2,1,1,1,0,1,1,0,0,1,1,1,2,0,1,1,2
12,114355435,"C","T",2,2,2,1,2,2,1,2,0,2,1,0,1,2,2,2,1,1,2,0,2,2,0,1,2,1,0,1,2,1,2,0,1,2,2,2,1,2,1,2,2,1,1,1,2,2,1,2,2,2,2,2,1,2,0,2,2,2,2,2,2,1,2,1,1,2,1,1,2,2,1,2,1,2,1,2,1,1,0,2,2,1,2,2,2,2,1,2,2,0,2,2,2,1,1,1,2,2,2,2,2,0,0,1,1,1,2,0,1,1,1,2,1,2,1,1,2,2,1,2,1,1,1,1,2,1,1,2,2,2,2,2,1,2,1,1,2,0,1,0,2,1,2,1,1,1,2,2,2,2,1,2,2,1,1,1,1,2,2,1,2,1,2,1,2,2,2,1,1,2,2,2,2,1,0,2,2,2,0,2,2,2,1,2,2,1,2,2,2,2,1,1,2,2,2,1,1,2,2,2,1,1,2,1,2,2,2,2,2,1,1,1,2,2,1,1,2,2,2,2,1,1,2,1,2,0,2,1,2,2,1,0,2,1,2,2,2,2,1,1,2,2,1,2,2,2,2,2,2,2,2,1,2,2,1,2,1,2,2,2,0,1,2,1,1,2,1,1,0,1,1,1,2,2,1,2,1,1,1,2,1,2,1,2,2,2,1,1,2,0,2,2,2,1,2,2,2,2,1,1,2,2
12,114653212,"C","T",1,0,0,1,0,0,0,0,0,0,0,0,0,1,0,0,0,0,0,1,1,0,1,0,1,0,0,0,0,0,1,0,1,0,0,0,0,0,1,1,0,0,1,0,0,0,1,0,0,0,0,1,0,0,1,0,0,1,0,0,0,1,0,1,0,0,1,0,0,1,0,2,1,0,0,0,0,0,0,1,0,0,0,1,1,0,0,1,0,0,0,0,0,1,1,0,1,0,0,0,0,1,0,0,1,0,0,0,0,0,0,2,0,0,1,0,1,0,0,1,0,0,0,0,0,1,0,0,0,1,0,1,0,2,0,1,0,0,1,0,0,0,0,1,0,0,0,2,0,0,0,0,1,1,0,1,0,1,2,1,0,1,1,0,0,0,0,0,0,0,1,0,0,0,0,0,0,1,0,1,0,0,0,0,1,0,0,0,0,0,2,1,0,0,0,0,1,0,1,0,0,1,1,1,0,0,0,0,0,0,0,0,0,0,1,0,0,0,0,0,0,0,0,0,1,0,0,1,1,0,2,0,0,0,1,0,0,1,0,0,0,0,0,0,1,0,0,0,0,1,1,1,1,1,0,1,0,0,1,0,0,0,0,0,1,0,0,1,0,0,0,0,0,0,1,0,0,0,0,1,0,0,1,0,0,0,0,0,1,0,0,0,1,1,0,0,0,0,0,1,0,0
12,123934127,"C","T",0,1,1,2,1,2,0,1,1,1,1,1,1,0,1,0,0,0,0,1,1,0,0,0,1,0,0,0,0,0,1,0,0,1,1,1,1,1,0,0,1,1,0,0,1,1,1,0,0,0,0,2,0,1,1,1,0,1,1,0,0,0,1,2,1,0,2,1,0,2,0,0,0,1,0,0,1,0,0,0,1,0,1,1,1,0,0,0,1,1,0,1,2,1,2,1,1,1,1,1,0,1,1,1,1,1,0,0,0,0,0,0,0,1,1,0,1,0,2,0,0,0,0,0,1,1,1,1,1,1,0,2,1,1,1,0,0,1,0,1,1,1,2,0,1,1,1,0,0,1,0,0,0,1,2,1,0,1,0,0,1,1,1,0,0,2,1,2,0,0,1,1,1,1,1,0,2,1,2,0,1,0,1,1,0,0,1,0,0,0,0,0,1,1,0,0,1,0,1,0,1,0,0,2,2,0,1,0,2,0,0,1,0,0,0,0,1,0,0,0,0,1,0,0,0,0,0,0,0,1,1,2,0,0,1,1,0,1,1,2,1,0,1,0,1,0,0,1,1,1,0,0,1,1,1,0,1,0,2,0,2,1,2,0,1,0,0,1,0,0,2,2,0,0,1,1,0,1,0,0,0,1,1,0,0,2,0,1,0,0,1,0,0,0,1,1,1,2,2,0,1,0
13,22799267,"T","C",0,1,0,0,1,1,0,0,1,1,1,1,2,1,1,2,2,1,0,2,0,0,1,0,0,1,2,0,2,0,0,0,1,1,1,1,1,1,1,0,1,2,0,2,0,1,1,0,1,1,0,0,0,2,1,2,0,1,1,2,1,1,0,2,0,1,0,1,2,1,0,0,0,0,1,0,1,0,1,2,2,0,0,0,0,2,1,1,0,1,1,0,0,2,1,0,2,1,1,1,1,0,0,1,0,0,1,0,0,0,1,1,0,0,1,0,2,1,1,0,1,1,0,1,0,1,2,2,0,1,1,1,1,1,1,2,1,1,1,0,2,1,0,0,0,2,0,0,1,1,1,0,0,1,1,1,2,0,2,0,0,0,1,0,0,1,0,1,0,0,0,1,1,0,1,2,1,1,1,1,0,0,1,1,1,1,1,2,0,1,0,0,1,0,1,1,1,1,1,2,0,0,1,1,1,1,1,1,0,1,1,0,2,1,0,1,0,1,2,1,1,0,1,1,2,1,1,1,0,0,1,0,1,1,1,0,1,1,1,1,0,0,1,1,0,0,2,1,2,1,1,1,1,0,0,1,1,2,0,1,2,1,2,0,1,1,1,1,1,2,1,1,1,0,0,0,0,2,0,1,1,1,0,0,1,2,2,2,1,0,1,1,0,0,0,0,1,0,0,1,0,1
14,23418974,"C","T",0,1,0,0,0,0,0,1,1,0,0,0,0,0,0,0,0,0,0,0,0,1,1,0,0,0,0,0,0,0,0,0,0,0,1,1,1,0,0,0,0,1,0,0,0,1,0,1,2,1,1,0,0,0,0,1,1,1,0,0,0,0,0,1,1,1,0,0,0,0,1,0,0,1,0,0,0,0,1,0,0,0,0,1,1,0,1,0,0,0,0,0,0,1,1,0,1,1,1,1,1,1,1,1,0,1,0,0,1,1,1,1,0,1,1,1,0,0,0,0,0,0,0,0,1,1,0,2,0,0,0,0,1,1,0,1,0,1,0,0,2,0,0,1,1,1,1,1,1,1,0,1,1,0,0,0,1,0,0,0,0,0,0,0,1,1,0,0,0,0,0,0,0,1,0,1,0,0,1,2,0,0,1,1,1,0,0,1,0,0,0,1,2,0,0,0,1,0,0,0,1,0,0,1,0,1,0,0,0,0,0,1,1,1,1,1,0,0,0,1,0,1,1,0,0,0,1,0,1,1,1,0,0,1,1,0,0,0,0,0,1,0,1,0,1,0,0,1,0,1,0,1,1,0,0,0,0,0,0,0,0,0,0,0,0,0,0,1,0,0,1,0,0,0,1,0,0,0,1,0,1,0,0,1,0,1,0,0,1,2,0,0,0,0,0,0,0,0,1,0,0,0
14,32512278,"G","A",1,0,0,2,0,1,2,0,0,0,0,1,1,2,1,0,1,2,0,0,1,0,2,1,0,1,1,1,0,1,1,1,1,1,0,0,0,0,1,1,1,0,0,1,0,1,0,1,1,1,0,1,1,0,2,0,1,2,1,0,1,1,0,0,0,0,0,1,0,1,1,1,0,2,0,1,0,0,0,0,1,2,0,0,0,0,1,1,0,0,0,2,0,0,1,0,1,1,1,1,0,0,1,0,2,1,0,2,0,0,0,0,1,2,0,0,0,1,0,2,2,0,0,1,0,0,0,1,0,0,0,0,0,0,1,1,1,1,0,0,1,0,1,1,0,0,1,0,0,0,0,0,0,0,0,0,0,0,0,1,0,2,1,1,1,1,1,2,0,1,1,1,1,1,0,0,0,0,0,1,0,1,0,1,1,1,0,0,0,1,1,1,1,1,1,0,0,0,1,1,0,2,0,1,0,0,0,2,1,1,0,1,0,2,1,0,2,1,0,1,1,1,1,2,1,0,0,0,1,0,2,0,0,0,1,1,0,0,0,2,0,1,1,0,2,0,2,1,1,0,0,1,0,1,1,1,0,0,2,0,0,0,0,0,1,1,0,0,2,0,2,1,0,0,1,1,1,2,0,1,0,1,1,0,1,1,2,1,0,1,1,0,0,0,0,2,0,0,0,0,2,0
14,34704569,"C","T",1,0,1,1,0,0,1,0,0,0,0,0,1,0,0,0,1,0,0,1,0,1,0,0,0,0,1,0,1,0,1,0,0,1,1,0,1,0,0,1,0,1,0,0,0,0,0,0,0,0,0,0,1,0,0,0,0,0,0,1,0,0,0,0,0,0,0,0,1,0,0,0,1,0,0,1,0,1,0,1,0,0,0,0,0,1,0,0,0,0,0,0,2,1,0,1,0,1,1,0,0,1,0,1,0,0,0,0,1,1,1,0,0,1,0,1,1,0,0,1,0,0,0,1,0,0,2,0,1,1,0,1,0,0,1,0,0,0,0,1,1,2,0,1,0,0,0,0,0,0,0,0,1,1,0,0,1,0,1,0,1,0,1,0,0,0,0,0,0,0,0,0,0,0,1,0,0,0,2,0,0,0,0,0,1,0,0,0,0,1,0,0,0,0,0,1,1,1,0,0,1,1,0,0,1,0,0,0,0,1,0,0,1,0,1,1,1,0,0,0,0,1,1,0,0,0,1,1,1,0,1,1,1,0,0,0,1,0,0,1,1,1,0,1,2,0,1,0,1,0,0,0,1,0,1,0,0,0,0,0,1,0,0,0,0,0,0,0,0,0,1,1,0,0,0,0,0,0,1,0,0,0,1,0,0,1,0,0,0,0,0,0,0,0,0,0,0,0,0,1,1,1
14,64213242,"A","G",1,2,1,1,1,2,2,1,1,1,1,1,1,2,0,1,2,2,2,0,0,2,2,2,1,0,1,2,0,2,0,1,2,1,0,1,0,1,0,1,0,1,0,2,0,0,0,0,1,1,0,1,1,1,2,2,0,2,1,0,0,1,1,1,1,2,1,1,1,2,0,2,1,2,2,1,1,2,1,0,2,2,2,1,2,0,1,1,1,1,0,1,1,1,0,2,2,0,1,0,0,1,1,0,1,2,0,0,0,1,2,1,1,0,2,1,1,1,1,1,2,0,0,2,1,2,2,1,1,1,1,1,1,2,0,0,0,1,1,1,1,1,2,1,1,1,0,0,1,1,2,1,2,1,0,1,1,1,1,1,1,1,1,2,1,1,1,1,0,1,2,0,1,1,0,2,2,0,2,1,0,0,1,0,2,0,1,0,1,1,1,1,1,2,2,1,0,1,2,0,2,0,2,0,2,0,1,1,1,1,1,1,2,2,1,1,0,1,0,2,0,1,1,1,1,1,2,1,2,0,0,1,1,1,1,1,2,0,0,2,1,1,2,0,1,1,0,1,1,2,1,0,1,1,1,1,1,0,0,0,1,1,0,1,0,1,2,2,1,1,1,1,1,1,1,1,2,0,2,1,1,1,1,2,1,2,2,1,0,2,2,2,1,2,0,1,0,0,1,0,1,1
14,76960368,"A","G",2,1,1,2,2,1,2,1,1,1,0,1,2,2,1,1,0,1,0,2,1,2,1,1,2,1,1,1,2,0,1,1,1,0,0,1,2,1,0,1,1,2,0,1,1,0,1,1,1,1,1,0,1,1,1,1,2,1,1,2,1,2,1,1,2,1,1,1,2,0,2,1,1,1,0,2,1,1,0,1,2,2,1,1,1,1,2,2,2,1,2,1,1,1,0,2,2,1,1,0,0,2,2,2,2,2,1,0,1,2,1,0,2,1,2,0,1,2,1,1,1,0,1,2,1,1,2,0,2,0,1,2,1,1,1,1,2,1,2,1,1,0,1,2,2,2,1,1,0,1,1,0,0,0,1,2,0,1,2,0,2,0,2,1,0,2,0,1,0,2,1,2,1,2,1,2,2,1,0,1,2,2,2,0,1,1,1,2,2,2,2,1,2,2,1,1,0,1,2,1,1,0,1,2,1,1,1,1,0,2,2,1,1,1,0,2,2,1,2,2,1,2,1,2,2,1,1,2,1,1,1,1,2,2,1,1,2,1,2,1,1,1,2,0,2,1,1,2,1,0,1,1,2,1,2,0,2,2,2,2,1,1,0,1,1,2,2,2,2,1,1,1,2,1,1,1,0,2,1,1,0,2,1,2,0,1,1,1,1,2,2,1,1,2,1,1,1,2,1,1,1,1
15,63507814,"A","G",0,1,0,0,1,0,1,0,0,0,1,0,1,1,0,2,0,0,0,1,0,1,0,1,1,0,0,0,0,1,1,1,1,1,0,1,1,1,0,1,1,0,1,0,0,2,0,0,1,0,0,0,0,1,0,0,0,1,1,1,0,0,1,0,2,1,0,0,1,0,0,1,0,0,1,0,0,1,1,0,1,1,0,1,1,1,1,0,0,0,0,0,0,1,1,0,0,0,0,0,0,1,0,0,2,0,0,1,1,1,1,1,0,0,0,1,1,1,1,0,1,0,0,0,1,0,0,0,0,0,1,0,0,1,1,1,0,2,0,0,1,1,0,0,0,1,0,1,0,2,1,1,2,0,2,1,0,1,0,0,1,1,0,0,0,1,0,1,1,0,2,1,1,1,0,0,0,1,1,0,1,0,1,0,0,2,1,0,0,0,0,1,2,0,1,2,1,2,0,2,1,0,0,0,2,0,0,0,0,0,1,0,0,0,1,0,1,0,0,1,1,0,1,0,0,0,0,1,0,0,0,0,1,0,1,1,2,0,1,1,0,0,1,0,1,2,0,0,0,0,0,0,0,1,0,0,1,2,1,0,1,1,0,1,1,0,0,0,0,0,2,0,0,1,0,0,0,0,0,0,0,0,1,0,1,1,1,1,0,0,1,1,1,1,0,0,0,0,0,0,1,0
15,70161800,"G","A",0,0,1,0,0,0,0,0,0,0,0,1,0,0,0,0,1,0,0,1,0,1,0,1,0,0,0,0,1,0,0,1,0,1,0,0,1,0,1,0,0,1,0,0,1,0,1,0,0,1,0,0,1,1,0,0,0,1,1,0,1,0,0,0,0,1,0,0,0,0,0,0,1,0,1,1,0,0,0,1,0,0,0,0,0,0,0,0,1,1,0,0,0,0,0,0,0,0,0,1,0,0,1,1,0,0,1,1,0,1,0,0,0,0,0,0,0,1,0,1,0,0,1,0,0,0,0,0,1,0,0,0,0,1,0,0,0,1,0,0,1,0,0,1,0,1,0,0,1,1,0,1,0,0,1,0,0,0,0,0,0,0,0,0,0,1,1,0,1,1,1,0,0,0,1,0,1,0,0,1,0,0,0,1,0,0,1,1,1,0,0,0,1,0,0,0,0,0,1,0,0,1,0,0,0,0,0,0,0,0,0,0,1,0,1,0,0,0,0,1,0,1,0,0,0,0,0,0,0,1,1,0,0,0,0,0,0,0,0,0,0,1,1,0,1,0,0,1,1,0,0,1,0,0,1,0,0,1,1,0,0,1,0,1,0,0,1,0,0,0,0,0,0,2,0,0,0,0,0,0,0,1,0,0,1,1,0,1,0,0,0,0,0,1,0,0,1,1,1,0,0,1
15,73384923,"C","T",0,0,0,1,0,0,2,0,0,0,0,0,0,0,0,0,0,2,1,1,1,1,0,0,1,0,0,0,0,0,0,0,0,0,0,0,0,1,0,0,0,1,0,0,1,0,1,0,1,0,0,0,0,0,0,0,0,0,0,1,1,0,1,0,2,0,0,1,0,1,0,0,2,0,0,1,1,0,0,0,1,1,0,0,0,0,1,0,0,1,0,0,0,0,0,0,1,1,0,1,2,0,0,0,0,0,0,1,0,1,0,1,1,0,1,0,1,1,0,0,0,1,1,0,0,0,0,0,1,1,0,2,1,1,0,0,0,1,1,0,0,1,0,0,0,2,1,0,0,1,0,0,1,0,1,0,0,0,0,0,1,1,1,0,0,0,1,1,0,0,0,0,0,1,0,1,1,1,1,0,0,0,0,0,0,0,0,1,0,0,0,2,0,0,1,1,0,1,0,0,0,0,1,0,1,0,1,0,0,0,0,0,0,1,0,1,1,2,0,0,0,2,0,1,0,0,1,1,0,1,0,2,0,1,1,2,0,0,1,0,2,1,0,0,0,1,0,0,0,1,0,0,0,1,1,1,1,0,1,0,0,0,1,0,0,0,1,1,0,0,0,1,0,0,0,1,1,0,0,0,0,1,0,0,0,0,0,1,0,1,1,0,1,0,0,1,0,0,0,2,0,0
15,80384583,"A","G",1,0,0,1,0,0,2,0,0,0,0,0,0,0,1,0,0,1,0,0,0,0,0,1,0,0,1,0,1,1,0,0,0,0,1,0,1,0,0,0,0,1,0,1,1,0,0,0,0,1,0,1,0,0,0,0,1,1,1,0,0,0,0,0,0,0,1,0,0,0,1,0,0,2,1,2,0,0,0,0,0,1,1,1,0,1,1,1,1,0,1,0,1,0,1,1,1,0,1,0,0,0,0,1,0,0,0,0,1,0,0,0,0,0,0,0,1,0,1,0,0,0,1,0,1,0,0,0,1,0,0,0,1,0,0,1,0,0,0,1,0,1,0,0,1,2,1,0,0,0,1,0,1,0,0,1,2,0,0,0,1,1,0,1,0,0,0,0,0,1,0,1,1,1,0,1,1,0,0,0,0,0,0,2,0,0,0,0,0,0,0,1,1,0,0,1,0,0,0,1,0,0,0,0,0,1,0,1,0,1,0,0,1,0,0,1,1,1,0,1,0,0,0,0,1,1,0,1,0,0,0,0,1,0,0,0,0,1,0,0,2,0,0,0,0,0,0,0,0,1,0,0,0,0,2,0,0,0,0,0,0,1,0,0,0,0,1,0,0,0,0,0,0,1,0,0,1,0,0,0,1,0,1,0,1,0,0,0,1,1,1,0,0,0,1,0,0,1,0,0,0,0
15,98744146,"T","C",1,2,1,1,1,1,1,2,1,2,2,1,0,2,1,0,1,1,1,1,2,1,2,0,1,2,0,1,2,1,1,0,1,1,2,0,0,2,2,1,2,1,2,0,0,2,2,0,1,1,2,2,1,1,1,2,1,0,1,0,2,2,1,2,2,0,0,1,2,1,2,2,1,2,0,1,2,2,2,0,2,0,1,2,1,1,1,1,0,2,1,0,1,1,0,2,2,1,2,0,1,1,2,2,2,2,2,2,2,1,2,1,1,1,0,2,0,0,1,2,1,2,1,1,1,2,2,0,1,2,1,1,1,0,2,2,2,2,1,2,1,0,2,2,2,0,1,0,1,1,1,1,2,2,0,2,1,2,1,1,0,2,1,1,1,2,2,2,1,0,1,1,2,1,0,2,1,1,2,1,1,1,1,2,1,0,2,2,0,1,1,1,2,1,2,0,2,2,1,2,1,2,0,1,2,2,2,2,2,1,1,1,2,0,1,1,2,0,1,1,0,1,1,1,1,1,2,1,1,2,2,2,2,0,2,1,1,0,2,0,2,1,1,2,0,2,1,2,1,1,2,1,1,0,0,2,2,1,0,2,2,0,2,2,1,2,1,2,1,1,1,1,2,1,1,2,0,1,0,1,2,2,2,1,1,1,0,0,1,2,0,1,1,2,1,1,2,2,1,1,2,1
16,1964282,"A","G",2,2,2,2,2,0,2,1,2,2,1,2,2,2,2,0,1,2,1,1,0,2,2,2,2,1,2,2,2,1,2,2,2,2,1,1,1,2,2,1,1,2,2,1,0,1,1,2,1,1,2,1,2,1,2,2,1,1,0,2,2,2,2,2,2,2,2,0,2,2,1,2,2,2,2,1,2,1,2,2,2,2,1,2,1,2,1,2,2,2,2,1,2,2,1,2,2,2,2,1,2,2,2,2,2,2,2,2,1,1,2,2,2,1,2,1,2,2,2,0,1,1,1,1,2,2,2,2,1,2,2,2,2,1,1,2,0,2,1,0,2,2,2,1,1,2,2,1,2,1,2,2,1,2,1,2,1,2,2,1,2,1,2,1,1,2,2,2,1,2,2,2,2,2,2,1,1,2,2,1,1,1,2,2,2,2,1,2,2,1,2,1,2,1,1,2,2,2,2,2,1,2,1,2,2,2,2,2,2,2,1,1,2,1,2,2,2,2,0,2,2,1,2,2,2,1,0,2,1,1,2,2,2,2,2,2,1,2,2,2,2,2,2,2,2,1,2,2,1,2,2,1,2,2,2,2,2,2,1,2,2,1,2,2,2,1,1,1,2,2,1,1,2,1,2,2,2,2,2,1,2,2,1,1,2,2,0,2,1,2,1,2,2,2,2,2,1,1,2,2,2,2
16,73019123,"T","A",0,1,0,0,1,0,0,0,1,0,1,1,0,2,1,1,1,0,0,0,1,0,0,0,0,2,0,0,0,0,0,1,1,0,1,1,1,1,2,1,0,0,0,2,0,0,0,1,2,0,1,0,2,0,0,0,0,0,0,2,0,0,0,0,0,0,1,1,1,0,1,0,0,1,0,0,0,0,0,0,0,1,1,2,1,0,0,1,0,0,1,0,0,0,0,0,1,2,0,0,0,0,0,1,0,1,0,0,1,0,0,1,0,1,0,0,0,0,1,0,0,0,0,0,1,0,0,0,0,0,0,0,0,1,1,1,0,0,1,1,0,1,0,1,0,2,0,0,0,1,2,0,0,0,0,0,2,0,0,0,0,2,2,1,2,0,0,1,0,1,1,0,1,0,1,0,0,1,0,1,0,0,0,2,1,0,1,1,0,1,0,1,1,0,1,0,1,0,1,0,0,0,2,1,0,0,2,0,0,0,0,0,1,1,0,0,0,1,0,0,0,0,0,0,1,1,1,1,0,1,0,0,1,1,1,0,0,1,0,0,1,0,1,0,0,0,0,0,1,1,0,1,0,0,0,0,1,0,0,0,0,0,0,1,1,1,1,0,1,1,1,0,0,1,0,0,0,0,0,1,0,0,1,0,0,0,1,0,0,1,0,0,1,0,1,0,0,1,0,0,1,0
17,7531723,"G","A",2,1,1,2,1,2,2,2,2,2,2,2,1,2,2,1,1,2,2,2,0,1,2,0,2,1,1,0,2,1,2,2,2,2,2,1,0,0,2,0,1,1,2,2,1,1,1,1,1,1,0,2,2,1,2,1,0,1,1,1,1,1,2,2,1,1,1,2,2,2,2,1,1,0,1,1,2,2,2,2,1,0,2,1,0,1,1,1,1,1,2,1,2,2,0,1,0,2,0,2,1,1,0,1,1,1,2,1,1,2,1,1,1,1,2,1,2,1,1,1,2,0,2,2,0,2,2,1,1,2,2,2,0,1,2,1,1,1,1,2,1,1,2,1,0,0,1,2,2,0,2,1,0,1,0,2,2,1,1,0,1,1,1,1,1,1,1,2,1,2,2,2,1,2,1,2,0,2,2,2,1,1,2,1,2,1,2,1,2,1,2,1,2,1,1,0,0,2,1,0,2,1,1,2,2,2,2,1,2,2,1,1,2,0,1,2,1,2,2,1,1,2,1,2,1,0,1,2,1,2,2,0,2,1,2,1,2,1,0,1,0,1,1,1,0,1,1,2,1,1,2,0,1,1,1,1,1,1,0,1,0,1,0,1,2,1,2,0,2,0,1,1,2,2,2,2,0,2,2,1,1,2,0,1,1,1,0,1,0,1,2,2,1,2,2,2,1,1,1,1,0,1
17,12715363,"G","C",0,0,0,0,1,0,0,0,0,0,1,0,1,1,0,0,0,1,0,0,0,0,0,0,0,0,0,0,0,1,0,1,0,1,0,0,0,0,0,0,0,0,0,0,0,0,0,0,0,0,0,0,0,1,1,0,0,0,0,0,0,0,0,0,0,1,0,0,0,0,1,0,0,1,0,1,0,0,0,0,1,1,0,0,0,0,0,1,0,0,0,0,0,0,0,0,0,0,0,1,0,0,0,0,1,1,0,0,1,0,0,1,1,0,0,0,0,0,0,0,0,0,0,0,0,1,1,1,0,0,0,1,0,0,0,0,1,0,0,0,0,0,0,0,0,0,0,0,0,1,0,0,0,0,0,0,2,0,1,0,0,0,0,2,1,0,1,1,0,1,0,0,0,0,0,1,0,0,0,0,0,0,0,0,1,0,0,0,1,1,0,0,1,0,1,0,0,0,0,0,0,0,0,0,0,0,0,0,0,1,0,0,0,0,1,0,0,0,0,1,0,0,1,0,0,0,0,0,0,0,0,0,0,1,0,0,0,0,0,0,0,0,0,1,0,0,0,2,1,0,0,0,1,0,0,0,0,0,0,0,0,0,0,0,1,0,0,1,0,0,0,0,0,0,0,0,0,0,1,0,0,0,0,0,0,0,1,0,0,0,0,0,0,0,1,0,1,0,0,0,0,0
17,45942346,"G","A",2,0,1,0,0,0,0,0,1,1,1,2,0,1,0,0,0,1,1,1,0,1,0,2,1,1,1,1,0,0,1,1,1,0,0,0,0,1,0,0,1,1,1,1,0,2,1,0,1,0,1,1,0,2,1,0,2,0,0,1,1,2,1,2,1,0,0,2,0,0,0,1,0,0,0,2,1,1,0,2,1,2,1,2,2,0,2,0,0,2,2,2,0,1,0,0,0,1,0,0,1,1,0,1,0,0,2,0,0,1,1,1,1,0,0,1,1,0,2,1,1,0,0,1,0,1,0,0,0,1,1,0,0,0,1,1,0,0,1,0,1,0,0,2,1,1,0,1,1,1,1,1,1,1,1,1,1,1,1,1,0,1,0,2,0,0,0,1,0,0,0,2,1,0,1,1,1,1,1,0,0,0,0,0,0,0,1,2,0,1,1,1,0,0,1,2,0,0,1,1,1,0,0,0,1,0,1,0,0,0,1,0,0,0,0,1,0,0,1,0,1,1,0,1,0,0,2,1,1,1,1,1,0,0,1,1,1,0,1,0,1,0,1,1,1,1,0,1,0,1,2,1,0,1,1,1,0,1,0,1,1,1,2,0,2,1,0,0,1,0,2,0,0,0,0,0,1,1,2,0,2,2,1,1,0,2,0,0,0,1,1,1,0,2,2,1,1,0,1,2,0,0
17,46969002,"C","A",0,0,1,1,0,0,1,0,0,0,0,1,0,0,1,0,1,0,0,1,0,1,0,1,0,0,0,1,0,0,0,0,0,1,0,1,0,0,0,0,1,0,0,0,1,1,0,0,0,0,0,0,1,0,0,0,0,0,0,0,0,0,0,0,0,0,0,1,1,0,0,0,0,0,0,0,0,0,0,1,1,0,0,0,0,1,0,1,1,1,0,0,0,0,0,0,1,2,0,0,0,1,0,1,0,0,0,1,0,1,0,0,0,1,0,0,0,0,0,1,0,1,0,0,0,0,1,0,0,0,0,0,1,0,1,0,0,0,0,0,0,1,0,1,2,0,0,0,0,0,0,0,1,0,0,0,0,0,0,0,0,0,0,0,0,1,0,0,0,0,1,0,1,1,0,0,0,0,0,0,0,0,1,0,0,1,0,1,0,0,0,1,0,1,0,0,1,0,1,0,1,0,1,0,1,0,0,0,0,0,0,0,0,0,0,0,1,0,0,1,2,0,0,0,0,0,0,0,1,0,0,0,2,0,0,0,0,0,0,0,0,1,1,1,0,1,0,0,0,0,1,0,1,1,0,0,0,1,0,1,0,0,0,0,0,0,0,0,0,1,0,0,0,0,0,1,0,1,0,0,0,0,1,0,0,1,0,0,1,0,0,0,0,0,0,1,0,1,0,1,0,0
17,70341044,"C","G",1,2,2,0,1,0,1,1,0,0,0,1,0,0,2,0,0,0,1,1,1,1,1,2,2,0,0,0,1,2,1,1,1,0,2,0,2,1,0,0,0,1,1,1,1,1,0,2,0,0,2,1,0,2,1,0,1,1,2,1,1,1,0,0,1,2,2,1,2,2,1,1,0,1,2,2,1,2,0,1,1,0,2,0,0,1,0,1,2,1,1,1,2,0,2,1,1,2,1,2,1,0,1,0,0,1,0,1,1,1,1,2,0,0,1,0,2,0,0,1,1,1,1,1,0,1,0,0,1,0,1,1,0,1,0,2,1,2,1,1,1,1,1,1,2,0,1,1,2,1,0,0,1,1,0,1,2,2,1,2,0,0,1,1,1,1,0,1,1,0,1,1,1,0,1,1,1,0,1,1,1,0,0,1,0,1,1,0,1,1,1,2,1,1,1,1,1,0,1,0,0,1,1,1,1,0,0,1,0,0,1,2,1,2,1,2,0,0,0,0,1,1,1,2,0,1,1,1,1,0,1,1,1,1,0,1,2,1,1,1,0,1,0,2,0,1,0,2,0,1,1,0,1,0,0,1,0,0,2,2,1,1,1,0,1,1,1,1,0,1,1,0,2,0,0,1,1,1,0,1,2,0,0,1,0,1,0,2,0,1,1,1,1,1,1,1,1,0,0,1,0,0
18,48947822,"T","C",1,2,1,1,2,1,2,1,2,1,1,0,2,1,2,0,1,1,1,1,1,1,0,1,2,2,1,1,2,0,2,2,2,1,1,2,2,1,2,2,1,2,2,2,1,1,2,2,2,1,2,1,1,2,1,1,2,0,1,2,2,1,2,1,0,2,0,1,1,1,1,1,2,2,0,0,1,1,2,2,1,1,1,1,2,1,1,1,2,1,2,2,1,1,2,2,2,1,1,1,2,2,1,2,1,1,0,1,2,1,2,1,1,2,2,0,1,2,1,0,0,2,2,2,2,1,1,2,2,2,2,2,2,1,1,1,2,2,0,2,1,2,2,2,2,2,2,1,2,1,2,2,2,1,2,2,1,2,1,2,1,1,1,2,2,2,1,2,2,1,1,2,1,2,1,1,2,1,1,1,2,0,0,2,1,2,1,2,1,1,2,1,1,2,2,2,1,1,2,2,0,2,1,2,1,1,2,1,2,2,2,1,2,1,2,2,2,2,2,0,1,1,2,1,1,1,2,0,0,1,1,1,2,1,1,2,1,1,1,2,2,0,1,2,1,2,2,1,2,0,1,2,2,1,0,1,2,1,1,2,2,1,2,1,1,2,2,2,2,1,1,0,2,2,2,1,2,2,2,2,2,0,2,1,1,1,1,1,1,2,1,1,0,0,2,1,2,1,2,1,2,2
2,25937071,"T","C",1,1,2,2,1,2,2,1,1,2,0,2,2,2,1,2,2,2,1,2,1,1,2,2,2,2,1,2,1,1,2,2,2,1,2,1,2,2,2,2,1,1,1,2,1,2,1,2,2,1,1,2,2,1,2,0,1,2,1,1,2,2,2,2,2,1,0,0,2,2,2,2,1,1,2,2,2,1,2,2,2,2,1,2,2,2,0,2,1,2,2,2,2,1,2,2,2,2,1,2,2,0,2,2,2,2,2,2,1,1,2,1,2,0,1,2,2,2,2,2,2,2,2,2,2,1,2,1,2,1,2,2,1,2,2,1,2,2,2,1,2,2,1,2,1,2,2,2,1,2,2,2,2,2,1,2,1,2,2,2,1,2,1,2,1,2,2,2,2,2,2,2,2,2,1,1,2,2,2,0,1,2,2,2,2,1,2,2,2,1,1,2,1,2,1,1,1,1,2,2,2,2,2,1,2,2,0,2,2,2,2,2,2,2,2,2,0,2,1,0,2,2,2,2,1,1,2,2,2,1,2,2,2,1,1,2,2,1,2,2,1,2,1,2,2,1,2,1,1,2,1,1,2,2,1,2,2,1,2,0,2,1,1,2,1,2,2,1,2,1,2,2,2,2,2,2,2,2,1,2,1,0,1,2,2,2,2,1,2,1,1,2,2,2,2,0,2,2,2,0,1,2
2,61541610,"G","A",1,2,1,1,0,1,2,1,2,1,0,1,0,2,1,1,2,1,2,1,0,0,1,1,1,0,2,2,2,1,1,0,1,2,1,1,1,2,1,0,2,2,1,0,1,1,2,2,2,0,0,1,1,2,1,2,2,2,1,1,1,1,2,1,2,2,1,2,1,2,1,2,1,2,1,1,0,2,2,2,2,2,2,0,2,1,1,0,2,2,2,1,0,2,2,2,2,2,2,0,2,2,2,1,0,2,2,1,2,2,2,1,1,1,1,1,1,1,1,1,0,2,2,2,1,1,2,2,2,0,1,1,2,2,1,0,2,1,1,2,1,1,2,1,1,0,2,1,1,1,1,2,1,1,2,1,2,1,0,1,2,2,1,1,1,2,1,1,1,1,0,0,0,1,1,1,1,2,1,0,2,1,1,1,2,2,2,1,1,1,1,2,2,2,0,1,2,1,2,2,2,2,1,1,0,2,0,2,1,2,2,2,0,1,2,2,2,1,1,1,1,2,1,1,2,2,2,2,1,1,2,1,1,1,2,1,2,2,1,1,2,1,2,0,2,1,2,1,1,2,1,0,1,1,1,1,1,1,1,1,0,1,2,0,1,0,1,1,2,0,1,2,1,1,2,1,0,1,2,1,0,2,2,2,1,1,1,1,1,2,2,1,2,2,0,1,2,2,2,2,1,2
2,65057097,"A","T",1,0,0,1,2,1,0,1,0,1,0,1,2,2,2,0,1,0,1,0,0,0,1,2,1,0,1,1,2,1,1,1,1,0,0,0,0,1,0,1,0,0,2,2,2,0,1,1,0,1,1,1,1,0,1,1,1,2,2,1,1,1,1,1,1,1,1,1,1,1,1,0,0,0,2,1,0,2,1,0,1,0,0,1,1,1,1,1,0,1,1,1,2,0,1,0,0,1,2,2,1,0,1,1,0,0,1,0,2,1,0,0,0,1,0,1,0,2,0,0,2,1,1,1,0,1,0,2,0,1,0,2,0,1,0,1,0,0,1,1,0,1,1,2,1,1,1,0,0,1,0,1,2,1,0,1,1,0,1,1,0,0,1,1,0,1,0,1,0,1,1,1,0,0,1,2,0,0,0,1,1,1,1,1,1,1,1,1,0,0,0,1,0,1,0,2,0,0,0,0,2,1,1,0,1,1,1,1,1,0,1,2,0,1,1,0,0,0,1,1,1,2,0,1,1,0,1,1,1,1,2,0,1,0,1,1,2,0,0,1,1,0,1,0,1,0,1,2,1,2,1,1,1,2,2,2,1,1,1,1,0,0,0,0,1,2,2,0,0,0,1,1,1,1,2,1,2,1,2,0,1,0,1,0,2,1,1,1,2,1,1,1,1,1,0,2,2,2,0,1,1,0
2,69889883,"C","T",0,2,1,1,0,2,1,1,1,1,2,1,1,0,0,1,0,1,0,2,1,0,1,0,0,2,0,0,1,2,0,2,2,0,1,1,2,0,1,2,0,1,2,1,2,1,0,0,0,2,0,0,1,1,1,1,1,1,0,2,1,1,1,1,1,1,0,1,0,0,1,0,2,0,2,1,2,1,0,1,1,0,1,1,0,2,1,0,1,2,0,1,1,1,1,0,0,1,1,1,0,0,2,0,2,0,0,0,1,2,1,0,1,1,2,0,0,1,1,1,1,0,1,1,1,1,2,1,1,2,0,2,0,1,1,1,0,0,0,1,0,1,2,1,0,0,1,2,0,1,2,1,1,1,1,1,1,1,1,0,1,0,1,1,1,1,1,1,0,1,0,1,1,1,2,1,2,0,1,1,2,1,1,1,0,0,0,0,0,1,1,1,1,1,0,2,2,2,1,1,1,0,0,0,0,0,0,1,1,1,1,1,1,1,1,2,1,2,2,0,1,0,1,2,1,2,0,1,2,0,0,1,2,1,1,1,1,0,1,0,1,1,1,1,1,2,1,0,0,0,1,0,0,1,1,0,1,1,0,0,0,0,0,1,2,2,1,1,0,1,1,1,1,0,1,1,1,2,2,1,2,0,1,1,2,1,1,2,1,0,0,2,1,0,0,0,1,1,1,1,0,0
2,86367364,"G","A",1,0,1,1,0,0,0,0,0,1,0,1,0,0,1,1,1,1,0,0,0,1,0,1,2,0,0,0,0,0,0,0,0,0,0,0,0,0,0,0,2,1,0,0,0,0,0,1,0,1,0,0,0,0,0,1,0,2,1,0,0,0,0,0,1,0,0,0,0,0,0,0,0,0,1,1,0,0,1,1,0,0,0,0,1,0,0,0,1,0,1,0,1,0,0,0,0,1,0,0,1,0,0,0,0,0,1,0,0,0,0,0,0,0,0,0,0,1,0,1,0,0,0,0,1,1,0,0,0,0,0,0,0,0,0,0,1,1,0,0,0,1,0,2,0,0,1,1,0,0,1,0,0,0,1,0,0,0,0,0,0,0,0,1,0,0,1,1,0,0,1,0,0,0,0,0,0,0,0,0,0,1,0,0,1,0,1,0,0,0,1,1,1,2,0,1,0,0,0,0,0,0,0,1,1,0,1,0,0,0,0,0,0,0,0,0,0,0,0,0,0,0,0,1,1,0,1,1,0,1,0,1,0,1,0,0,0,0,0,0,0,0,0,0,1,2,0,0,0,0,0,1,1,0,0,0,0,0,0,0,1,1,0,0,0,0,1,0,0,0,0,2,0,0,0,0,0,0,0,1,0,0,1,0,0,0,0,0,0,0,0,0,1,0,0,0,0,0,0,0,0,0
2,174690986,"C","T",1,0,1,0,0,1,2,0,0,0,0,0,1,0,0,0,0,0,0,2,0,0,1,0,1,0,2,0,1,0,0,0,0,2,1,0,2,1,0,0,0,1,0,0,1,1,1,0,0,2,1,1,0,0,0,1,0,1,1,0,1,1,1,0,0,1,1,1,1,0,0,1,0,1,0,2,2,0,1,0,0,0,0,0,0,0,1,0,1,0,0,1,1,0,0,1,0,0,1,1,0,1,1,0,0,1,1,0,1,0,0,0,0,1,0,2,1,0,1,0,0,1,1,0,0,1,1,0,0,0,0,0,1,1,1,2,1,2,1,0,0,2,0,0,0,0,1,1,1,0,0,0,0,1,0,0,2,1,0,0,0,0,1,1,0,0,0,1,0,1,0,1,1,0,0,0,0,0,1,0,1,0,0,2,1,0,0,0,0,0,1,1,1,1,0,0,1,0,0,0,0,2,0,0,2,1,0,0,0,1,0,1,1,0,0,1,0,1,1,2,2,1,1,0,0,0,0,1,1,0,0,1,0,0,1,2,0,1,0,0,0,0,0,0,0,1,1,0,0,0,2,0,0,1,1,0,0,1,0,0,0,0,1,1,0,0,0,0,2,1,0,1,0,0,1,0,0,0,0,0,2,0,1,1,1,1,1,0,2,0,0,1,1,2,1,1,0,0,0,0,0,0
2,178556567,"C","T",2,0,1,1,0,1,0,0,0,1,1,1,0,1,1,1,2,1,0,0,0,0,0,0,2,0,0,0,0,1,1,1,0,0,0,0,2,1,0,0,0,0,0,0,1,1,0,0,0,0,1,1,0,1,0,0,0,1,0,0,0,0,1,0,1,1,0,0,1,0,0,0,0,0,0,1,1,1,0,0,1,0,0,0,0,1,0,0,0,1,1,1,2,0,1,0,0,0,1,0,0,1,1,0,0,0,1,0,1,0,1,0,1,0,0,0,1,0,0,0,1,0,1,1,0,0,0,0,0,0,0,0,1,1,1,0,0,0,1,2,0,1,0,0,1,0,0,0,0,0,0,1,1,0,0,0,0,0,0,2,0,1,0,0,1,2,0,1,0,1,1,0,1,0,2,0,0,1,1,0,1,0,0,0,1,0,0,0,1,0,1,0,1,0,0,2,1,1,1,1,0,1,0,1,1,0,0,0,0,1,0,0,0,0,1,2,1,0,0,0,0,0,0,1,1,1,0,1,0,1,1,1,0,1,0,1,1,1,0,2,0,0,0,0,0,1,1,0,1,0,0,1,1,0,1,1,2,0,0,0,0,1,0,0,0,1,0,0,0,0,1,0,0,0,1,0,0,0,2,0,0,1,1,0,0,0,0,1,1,0,1,1,0,0,0,2,0,0,0,0,0,0
2,200330879,"C","T",0,1,0,1,0,1,0,0,2,1,1,0,0,0,1,1,1,1,2,1,2,2,2,1,0,2,2,1,1,2,1,1,1,2,1,1,1,0,1,2,1,1,0,1,1,0,1,0,0,1,0,1,0,1,1,1,1,0,2,0,0,1,1,0,1,1,2,2,1,0,1,1,1,0,2,1,0,1,0,1,0,0,1,1,0,2,1,1,1,1,2,0,1,0,2,1,0,0,1,0,2,2,1,1,0,0,1,1,1,0,0,2,2,1,0,1,0,2,0,0,0,0,0,1,0,1,0,2,1,1,0,0,1,1,0,0,1,1,1,2,2,1,0,0,0,1,1,1,2,2,1,0,2,2,1,1,0,1,1,0,1,1,1,1,1,0,0,1,2,0,2,1,1,0,1,1,0,1,1,0,0,1,0,0,1,0,0,1,1,1,1,1,1,1,1,1,1,1,2,1,1,1,0,1,1,1,1,0,1,1,1,0,0,0,1,2,2,2,1,0,0,0,1,1,1,0,1,1,0,0,1,0,1,1,1,0,2,0,1,1,0,1,2,1,1,1,1,1,1,2,1,2,1,0,2,1,0,0,1,0,1,1,1,1,2,2,0,1,0,1,1,1,2,1,2,2,1,0,1,0,1,1,1,1,1,1,0,1,0,1,2,0,1,1,1,0,0,0,1,1,0,2
20,6591367,"A","C",1,0,0,0,0,1,1,1,0,0,0,0,0,0,0,0,0,1,0,0,0,0,0,0,0,0,0,0,0,0,1,0,0,0,0,1,0,0,0,0,0,0,0,1,0,0,1,0,0,0,0,0,1,0,0,0,0,1,0,0,0,2,0,0,0,0,0,0,1,0,0,0,0,0,0,0,0,0,0,0,1,0,0,0,0,0,0,1,0,0,0,0,0,0,0,0,0,1,1,0,0,1,1,0,0,0,0,0,0,0,0,0,0,0,0,0,0,0,0,0,0,0,0,0,0,0,0,0,1,1,0,0,0,0,0,1,1,0,0,0,0,0,0,1,0,0,0,0,0,0,0,0,0,0,1,0,0,0,0,1,0,0,0,0,0,0,0,0,1,1,0,0,0,0,0,0,0,0,0,0,1,0,0,0,1,0,0,0,0,0,1,0,0,0,0,1,0,0,0,0,0,0,0,0,0,0,0,0,0,1,0,0,0,0,0,0,0,0,0,0,1,0,0,1,0,0,0,0,0,0,1,0,0,1,2,0,0,0,0,0,1,0,0,0,0,0,0,0,1,0,0,0,0,0,0,0,0,1,0,0,0,0,0,0,0,0,1,0,0,0,0,0,0,0,1,0,1,0,0,0,0,0,0,0,0,0,0,1,0,0,0,0,0,0,0,0,1,0,0,0,0,0
20,62560732,"C","T",0,1,0,1,1,1,0,0,1,1,0,2,2,1,1,0,1,0,0,0,0,1,0,1,0,0,1,1,1,0,2,1,0,1,1,1,0,0,0,0,1,0,1,2,1,1,1,0,2,1,0,1,0,2,0,2,1,0,0,1,1,0,2,1,1,1,0,1,0,1,1,2,0,1,1,1,1,1,0,0,2,0,0,0,1,2,1,2,1,1,1,1,1,1,1,2,1,1,1,0,0,1,1,1,2,1,0,1,2,2,1,0,1,2,1,0,1,1,0,2,1,1,1,0,1,1,1,1,2,1,1,0,1,1,0,0,0,1,0,1,1,0,1,1,0,0,1,0,2,0,0,0,0,0,2,1,0,0,0,1,0,1,0,0,0,1,0,1,1,1,1,2,0,0,2,1,0,0,0,2,0,0,1,0,0,1,1,1,0,0,2,1,1,0,1,0,2,2,0,1,0,0,1,1,1,1,2,0,2,0,1,0,1,1,1,0,0,0,1,1,1,1,1,1,1,1,2,1,1,1,1,0,1,1,1,1,2,0,2,1,1,0,0,1,2,1,0,2,1,1,0,2,2,1,1,0,0,1,1,0,2,1,1,1,1,0,0,1,2,1,1,1,1,2,2,1,0,1,1,1,1,0,2,1,0,1,0,1,0,0,0,0,0,2,0,1,1,1,1,1,2,1
21,34746814,"T","G",0,0,0,0,1,0,0,0,0,0,0,0,1,0,0,0,0,0,0,0,0,0,0,0,0,0,0,0,0,0,0,0,0,0,1,0,1,0,0,0,0,0,0,0,0,0,0,0,0,0,0,0,0,0,0,1,0,1,0,0,0,0,0,0,0,0,0,0,0,1,0,1,0,1,0,0,0,0,0,0,0,0,0,0,0,0,1,0,0,1,0,0,0,0,0,0,0,0,0,0,0,1,0,0,1,0,0,0,0,0,0,0,0,0,0,0,0,0,0,0,1,0,0,0,0,0,0,0,0,1,1,0,0,0,0,1,0,0,0,0,0,0,1,0,1,0,0,0,0,0,0,0,0,1,0,0,0,0,1,0,0,0,0,0,0,0,0,0,0,0,0,0,0,0,1,0,0,0,0,1,0,0,0,0,1,0,0,0,0,0,0,0,0,1,0,0,0,0,0,0,0,0,0,1,0,1,0,1,0,0,0,0,0,0,0,0,0,0,1,0,0,0,0,0,0,0,0,0,1,0,1,0,0,0,0,0,0,1,1,0,0,0,1,0,0,0,1,0,0,1,1,1,0,0,0,1,1,0,1,0,1,0,0,0,0,0,0,0,1,0,0,0,0,0,0,0,0,0,0,0,0,1,0,0,1,1,0,0,0,0,0,0,0,0,1,0,0,0,0,0,0,0
22,18114637,"G","A",1,0,0,1,1,0,0,0,0,1,1,1,0,0,1,1,1,1,1,1,0,0,1,0,1,1,0,0,1,1,1,1,2,1,1,0,0,2,1,0,1,1,2,0,1,2,2,1,1,1,0,1,1,2,0,1,0,1,0,2,2,0,1,1,0,0,2,0,0,2,0,1,1,2,1,0,0,2,0,1,2,1,1,1,1,2,0,0,0,2,1,1,1,1,1,0,1,1,0,2,1,2,0,0,2,0,0,0,2,1,1,1,2,0,1,0,1,0,1,1,1,0,1,1,1,0,1,1,1,1,0,1,2,0,1,0,0,2,0,1,0,1,1,0,0,0,1,0,0,0,0,0,0,1,2,1,2,0,2,2,0,1,0,2,1,1,0,1,1,0,1,1,0,0,2,1,0,1,2,1,1,2,1,2,0,2,0,2,0,0,1,0,0,0,0,0,0,0,0,1,2,1,0,1,1,1,0,2,1,1,0,1,1,2,0,1,0,1,1,1,0,2,1,0,1,1,0,1,1,0,0,1,0,1,2,1,1,0,2,1,1,0,1,0,0,0,2,0,0,1,1,1,1,1,1,1,2,0,0,1,0,0,0,2,1,2,0,1,2,1,1,1,1,1,0,0,2,0,2,1,1,0,1,1,2,1,1,1,1,2,0,1,1,0,0,1,1,1,1,0,0,1
3,12799435,"T","C",2,0,2,1,2,0,1,1,1,1,1,2,1,2,1,1,1,0,2,2,2,0,1,1,1,1,2,2,2,1,1,2,2,1,1,2,1,1,2,1,2,1,2,0,2,1,2,2,1,1,2,2,1,2,1,1,2,1,2,1,0,0,1,1,1,2,2,1,2,1,0,2,2,1,2,2,1,0,1,0,1,2,2,2,2,2,0,1,1,1,1,2,2,1,1,2,1,1,2,2,2,2,1,2,1,1,2,2,2,2,2,2,1,2,2,1,2,1,2,0,2,1,1,2,1,2,2,1,2,1,2,1,2,1,2,2,2,2,1,2,1,2,1,1,2,2,2,1,1,2,1,1,1,1,2,1,2,1,1,1,2,2,2,1,2,1,1,1,1,1,0,2,1,1,0,2,0,2,2,1,2,2,1,2,2,2,1,1,1,1,1,2,0,1,0,2,1,2,1,1,2,1,1,1,1,2,1,1,2,1,1,2,1,1,2,2,1,0,2,1,2,2,1,1,2,1,2,1,1,1,2,2,1,1,2,1,1,1,2,0,2,1,2,2,2,2,2,2,2,1,1,1,0,1,1,1,1,2,2,2,1,2,2,2,0,1,2,2,2,0,1,2,1,1,2,2,2,0,2,1,2,2,1,2,0,1,1,1,2,1,1,1,1,2,2,0,0,1,2,1,1,0
3,38730434,"C","G",1,1,1,2,1,2,2,1,2,0,2,1,2,2,2,0,1,2,0,2,0,2,1,2,0,1,1,1,1,0,1,2,0,2,0,2,1,1,1,0,1,2,2,2,1,1,1,1,1,2,1,1,1,2,2,1,1,2,1,2,2,2,0,1,0,2,0,1,2,1,2,1,0,2,2,1,1,2,1,1,2,1,2,2,2,2,1,1,1,0,1,0,0,1,1,2,0,1,2,0,2,0,0,2,2,2,0,2,0,2,2,1,2,1,2,2,1,2,2,2,1,1,2,2,1,0,2,2,2,1,0,1,1,0,1,2,1,1,1,2,2,2,1,1,0,2,1,1,2,1,2,1,1,1,2,1,1,1,0,1,1,0,1,1,0,2,0,2,0,2,2,1,1,0,2,1,1,1,1,1,2,0,2,1,1,1,0,2,2,2,2,1,1,0,0,1,1,2,1,0,0,2,0,1,1,1,1,0,2,2,2,2,1,1,2,1,1,2,1,1,2,2,1,1,2,1,1,2,2,2,1,0,1,1,1,0,2,1,1,1,1,1,1,2,1,2,1,1,2,2,2,2,2,1,2,1,0,2,2,1,2,0,1,1,1,1,1,2,2,2,1,2,1,1,2,2,2,2,2,1,0,1,2,1,1,1,1,2,1,0,1,2,2,1,2,0,2,1,2,2,2,1
3,66384219,"T","C",0,1,1,0,0,1,0,1,0,1,0,0,1,0,1,1,1,0,2,1,0,0,1,0,0,1,1,0,0,2,1,1,2,0,0,2,0,2,1,0,1,1,0,2,2,1,0,0,2,0,1,0,0,0,0,0,1,1,1,1,1,2,1,1,1,1,0,0,0,1,1,1,1,0,1,0,0,2,2,0,0,0,1,0,0,0,1,0,0,1,0,0,2,0,2,1,1,0,1,0,2,1,1,1,0,0,1,0,0,0,0,0,1,1,2,0,0,0,0,1,2,0,1,1,0,1,2,1,0,0,0,0,0,1,1,1,1,1,2,0,2,1,0,0,2,1,0,1,0,1,1,0,0,1,1,1,0,1,0,1,2,0,0,2,1,1,0,1,0,0,1,0,0,0,2,1,1,0,1,1,0,1,1,0,0,1,0,1,2,2,1,2,1,1,1,0,1,2,1,0,0,0,0,0,2,1,1,1,1,0,2,0,0,1,0,0,0,1,0,1,0,0,2,0,0,1,1,0,1,1,0,0,2,0,0,0,1,1,1,0,1,0,0,0,0,0,0,1,0,1,0,0,0,0,1,1,1,0,0,0,0,1,1,0,1,1,1,2,2,2,1,2,0,1,0,0,0,2,1,0,1,0,1,1,0,0,0,2,0,1,2,0,0,1,1,0,1,1,1,0,1,1
3,89485227,"T","C",0,0,0,0,0,1,2,0,2,1,0,1,1,0,0,1,0,0,1,1,0,0,0,0,1,2,0,1,0,0,0,0,1,1,1,0,0,0,2,1,0,1,0,1,1,0,1,1,1,0,2,2,1,1,1,0,2,0,1,1,1,1,1,1,0,0,1,0,1,1,0,1,1,0,1,1,1,1,0,0,1,0,1,0,2,1,1,1,1,0,2,1,0,1,1,1,2,0,1,0,1,0,1,1,2,0,0,0,1,0,1,0,1,2,1,1,1,1,1,1,0,0,1,0,0,2,0,1,0,1,2,0,2,1,0,0,0,1,0,1,1,0,0,1,0,0,0,1,1,1,1,1,1,2,2,1,1,0,1,1,1,1,0,0,1,1,1,0,0,0,1,1,1,0,1,0,2,2,0,1,0,0,0,0,1,0,1,1,0,0,1,1,2,0,1,2,0,0,1,2,1,0,0,0,0,1,1,2,2,0,0,0,0,0,1,1,0,1,1,0,0,0,0,1,1,0,1,2,1,1,0,2,2,1,2,2,1,1,0,1,2,1,0,0,0,1,1,0,0,1,0,0,1,0,0,0,0,1,1,2,1,1,1,1,1,2,0,1,0,0,1,0,1,1,0,1,0,1,0,0,0,1,1,0,0,2,0,1,2,0,1,0,2,0,0,0,1,0,2,2,0,0
3,111869032,"G","A",0,0,1,0,0,0,0,0,0,0,0,0,0,1,0,1,0,0,1,1,0,1,0,0,0,1,0,1,0,0,0,1,1,1,0,0,0,1,1,0,0,1,0,0,1,0,0,0,0,1,0,0,0,0,0,0,0,0,0,0,2,0,0,0,1,0,0,0,0,0,0,0,1,0,1,0,0,0,0,2,1,1,0,0,0,0,0,0,1,1,0,0,0,0,0,0,0,0,1,1,0,1,0,0,0,0,1,0,0,1,0,1,0,0,0,0,0,0,0,0,0,0,0,1,0,0,0,0,0,0,0,0,1,1,0,0,0,0,0,0,1,0,2,0,0,1,0,0,1,0,0,0,0,0,0,0,0,1,1,0,0,0,0,0,0,0,0,0,0,0,0,1,0,0,0,0,0,0,0,1,0,0,0,0,0,0,0,0,0,0,0,0,0,0,0,1,0,0,0,0,0,1,0,0,0,0,0,0,0,0,0,1,0,0,0,1,0,0,1,1,0,0,1,0,0,0,0,1,0,0,0,0,0,0,0,0,0,0,0,0,0,0,1,0,1,1,0,0,0,1,1,0,0,0,0,0,0,0,1,0,0,0,0,0,0,0,0,0,0,2,1,0,0,0,0,0,0,0,0,0,1,0,0,1,1,0,0,0,0,0,0,0,0,0,0,0,0,0,0,0,0,0
3,179452706,"C","T",2,0,1,1,0,0,1,0,1,0,0,1,0,0,0,0,0,0,0,1,0,0,1,0,2,0,0,0,0,0,0,0,1,0,0,0,0,0,0,1,0,0,0,1,0,1,0,0,1,1,0,0,0,0,0,0,0,0,0,1,0,0,0,0,0,1,0,0,0,0,1,0,1,1,0,0,0,0,1,1,1,0,0,0,1,0,1,1,1,0,0,0,0,0,1,0,1,0,1,0,0,1,0,1,0,0,1,1,0,1,0,0,0,1,0,0,1,0,0,0,0,0,0,0,0,0,0,0,1,1,0,0,1,1,1,0,0,1,0,0,0,0,1,0,0,0,0,0,0,0,0,0,0,0,0,0,1,1,0,1,1,0,0,0,1,0,1,0,1,0,1,0,0,1,0,0,0,0,1,0,0,1,0,0,0,0,0,0,0,0,0,0,1,0,0,0,0,0,0,0,0,1,1,2,1,0,0,0,0,0,0,0,1,1,2,1,0,0,0,1,0,0,0,0,0,0,0,0,1,0,0,0,1,0,1,1,0,0,1,0,1,0,0,0,1,0,0,0,0,0,0,0,0,1,0,1,0,1,0,0,1,0,0,0,0,0,1,0,0,0,1,1,0,0,0,0,0,1,0,0,0,0,1,0,1,1,0,0,0,0,2,1,1,0,1,0,0,0,0,0,1,1
4,10117121,"G","T",2,1,1,1,2,2,2,2,0,1,2,1,1,2,2,2,0,1,2,0,2,1,1,2,2,2,1,2,2,1,2,2,1,1,1,2,0,2,2,1,1,1,2,1,1,2,1,2,2,2,1,1,2,2,1,1,2,2,2,2,2,2,1,1,1,1,2,1,2,2,2,2,2,2,0,2,2,0,1,1,1,1,2,2,1,1,1,2,2,2,2,2,1,2,1,2,1,1,2,2,1,1,0,2,2,1,2,1,2,1,2,2,2,1,2,1,1,2,1,1,1,1,1,2,2,1,2,1,2,2,2,1,2,1,2,0,1,2,1,2,2,2,2,1,2,0,2,2,2,2,2,0,2,2,1,2,1,0,1,1,0,1,2,1,2,1,2,2,1,1,2,2,2,2,1,1,2,2,1,2,2,0,2,1,1,1,1,1,1,1,0,2,2,1,2,0,2,2,2,0,1,0,2,2,1,1,2,1,1,1,2,2,2,2,2,1,2,2,2,2,1,1,2,2,0,0,1,2,2,2,2,1,1,2,2,1,0,0,1,1,0,0,1,2,2,1,2,2,2,1,2,1,1,2,1,2,2,0,2,1,1,2,2,0,2,2,2,1,2,1,1,2,0,2,1,1,1,2,0,1,1,1,2,2,1,1,2,2,1,1,1,1,2,2,2,1,1,2,2,1,2,2
4,102994461,"T","C",1,1,1,2,0,0,0,2,1,0,1,1,1,1,2,1,1,2,1,2,1,0,2,1,1,2,0,1,1,2,0,1,1,0,1,0,1,1,2,1,0,1,1,1,1,1,1,1,2,2,1,1,0,1,0,1,0,1,2,0,2,0,0,0,0,0,0,1,1,1,0,2,1,1,1,1,0,0,0,0,1,1,2,2,1,1,0,0,0,1,1,1,1,1,0,0,1,0,1,0,2,1,0,1,2,1,1,1,1,2,1,2,0,1,1,0,0,1,0,0,2,1,0,1,2,0,1,1,0,2,1,1,1,0,1,1,2,1,0,1,1,2,1,1,1,1,0,0,0,1,1,0,2,1,0,0,1,0,1,1,1,1,1,1,0,1,1,0,0,0,1,1,2,0,1,1,2,1,2,1,2,0,1,1,0,2,1,1,0,1,1,1,1,1,2,0,1,0,1,1,1,1,2,1,1,0,2,1,1,1,0,1,2,0,1,1,1,0,0,0,1,1,2,0,0,2,0,1,2,1,1,2,0,1,1,2,1,1,1,0,2,2,1,2,1,2,1,0,1,1,0,2,2,0,0,2,1,2,2,1,0,0,0,1,0,1,0,0,1,1,2,1,1,0,2,1,2,0,2,1,1,0,0,1,1,1,2,0,0,1,1,1,1,2,1,0,1,0,1,0,0,0
4,110791276,"A","G",1,2,2,2,1,1,1,1,1,1,2,1,2,1,0,2,2,2,2,1,0,2,0,0,1,1,2,1,1,1,2,0,2,0,2,2,2,2,1,0,2,0,1,1,2,2,1,1,1,2,2,1,1,2,2,2,2,1,1,2,1,2,0,2,1,1,1,1,1,1,0,1,0,1,1,1,2,2,2,2,1,1,2,0,2,2,2,2,1,1,1,0,1,1,1,1,1,0,2,2,1,1,2,2,2,2,0,1,2,2,2,2,2,0,1,1,2,2,1,1,1,2,1,2,1,2,1,1,0,2,1,1,0,2,1,1,1,2,1,2,2,0,1,2,0,2,0,1,2,2,1,2,2,2,1,1,2,0,1,1,2,0,2,2,0,2,2,2,2,0,2,1,1,1,0,2,1,1,1,1,2,1,1,0,1,0,1,1,1,1,2,1,2,2,1,2,1,2,1,1,0,2,1,2,2,1,2,0,0,1,1,2,2,1,2,1,1,1,1,1,2,2,2,0,0,1,1,2,1,2,1,1,2,1,1,1,0,0,1,2,1,2,2,1,1,2,2,1,2,2,2,0,0,1,1,2,1,2,0,1,2,1,2,2,1,1,0,2,2,1,1,1,2,1,1,1,2,0,1,1,1,1,1,1,1,2,2,2,2,2,1,0,2,1,1,2,1,1,1,2,1,0
4,113507558,"C","T",1,0,0,1,0,2,1,1,0,1,0,1,0,0,1,0,0,1,0,2,1,1,1,0,0,0,0,0,0,1,0,0,0,1,1,2,1,1,0,1,2,1,1,0,0,1,0,1,0,0,1,1,0,1,2,0,0,0,0,1,0,1,0,1,0,0,1,2,1,1,0,0,0,2,1,0,0,0,0,0,0,2,2,0,0,1,1,1,0,1,0,1,1,0,1,0,1,1,0,1,1,1,1,0,0,1,0,0,1,0,1,1,0,0,1,0,0,0,0,1,0,0,0,0,0,1,0,1,2,0,2,1,1,0,0,0,1,0,1,0,1,2,1,1,0,0,0,1,0,0,1,0,2,1,1,0,0,1,0,0,1,2,1,1,2,0,0,1,0,0,0,0,2,1,0,1,1,1,0,1,1,0,1,0,0,0,1,0,2,0,0,0,0,0,1,1,1,1,0,0,1,1,0,1,1,0,1,0,1,0,0,0,1,1,0,0,0,0,0,0,1,1,1,0,0,0,1,0,0,0,0,1,1,0,0,0,0,1,1,1,1,0,1,0,0,2,1,0,0,0,0,0,1,1,1,1,0,0,0,0,1,1,0,1,1,0,1,1,1,0,1,0,1,2,0,0,0,0,1,0,0,0,1,0,1,2,0,0,1,1,0,0,1,1,0,0,0,1,0,1,0,1
4,148016386,"C","G",0,1,0,0,0,1,0,0,0,0,0,0,0,0,0,0,0,0,0,0,0,0,0,0,0,0,0,0,0,0,0,0,0,1,0,0,0,0,0,0,0,0,0,0,0,0,0,0,0,0,0,0,0,0,0,0,0,1,1,0,0,1,0,0,0,1,0,1,1,0,1,0,0,0,0,0,0,0,0,0,1,1,1,0,0,1,1,0,1,0,0,0,0,0,0,1,0,1,0,0,0,0,0,0,0,0,0,0,0,1,0,1,0,0,0,0,1,0,0,0,1,0,0,0,0,0,0,0,0,1,0,0,0,0,0,0,0,0,1,0,0,0,0,0,0,0,1,0,0,0,0,1,0,0,0,0,0,0,0,1,0,0,0,0,0,0,0,0,0,1,0,0,0,0,0,0,0,0,0,0,0,0,0,0,1,0,0,0,0,0,0,0,0,0,0,0,1,0,0,0,0,0,0,0,0,1,0,0,0,0,0,0,0,0,1,0,0,0,0,0,0,0,0,0,0,0,1,0,0,0,0,0,0,0,0,1,1,1,0,0,0,0,1,0,0,0,0,0,0,0,0,0,0,0,0,0,0,0,0,0,0,0,0,0,1,0,0,0,0,1,0,0,0,0,0,0,1,0,0,0,0,0,0,0,2,0,0,0,0,0,0,0,0,0,0,0,0,0,0,0,0,0
4,173526198,"A","G",1,0,0,0,0,0,0,1,1,1,0,0,2,1,0,1,0,1,1,0,1,0,1,0,0,2,0,0,0,1,2,0,1,0,0,0,1,0,1,1,0,0,0,0,1,1,0,1,0,0,0,0,0,0,2,0,0,0,0,1,1,0,0,1,1,1,1,1,1,1,1,1,1,1,1,0,1,1,0,2,1,0,0,0,0,1,0,1,0,1,0,2,0,2,0,0,1,1,1,1,0,0,1,0,0,0,0,0,1,0,0,0,0,0,1,0,1,0,1,0,1,0,0,1,1,0,0,0,0,1,2,0,0,1,2,1,1,1,1,0,0,1,1,0,0,0,0,1,0,0,1,1,1,1,1,1,1,1,1,0,2,0,0,1,1,0,0,0,0,2,0,0,1,0,1,0,0,1,1,2,1,1,0,0,1,0,1,0,1,1,0,2,1,0,0,1,0,0,1,1,0,1,1,1,0,0,1,0,1,0,0,0,0,1,1,2,0,2,2,0,1,0,0,0,1,0,0,1,0,1,0,1,0,2,2,0,0,1,2,0,0,1,0,2,0,0,0,1,0,0,0,0,0,1,1,0,0,1,0,1,2,2,2,1,0,1,1,0,0,1,0,0,1,1,1,0,1,1,0,1,0,0,1,1,0,0,0,1,1,0,0,1,1,0,0,0,0,0,1,1,2,0
5,114400719,"G","A",1,0,0,0,0,0,0,2,1,1,1,1,1,0,0,0,0,1,0,0,1,1,0,0,0,0,0,0,1,0,2,0,1,1,1,0,0,1,1,0,1,0,0,0,1,1,0,2,1,0,0,1,1,0,0,2,1,1,0,1,1,1,1,1,0,1,1,0,0,1,0,0,2,1,0,2,2,1,0,0,1,1,0,1,1,1,0,0,1,1,1,0,2,0,1,1,0,0,0,0,1,0,1,1,0,2,1,2,1,0,2,1,1,1,0,1,1,1,0,0,1,0,1,0,0,1,0,0,1,0,2,1,0,0,1,1,0,1,0,0,0,1,0,0,1,1,0,1,0,1,1,1,1,1,0,1,0,1,0,0,0,0,0,0,1,0,1,1,0,0,0,0,0,1,0,1,0,0,0,0,0,0,0,0,0,2,0,0,2,0,1,0,1,2,0,1,0,1,0,1,1,0,0,0,0,0,0,1,1,1,0,0,0,0,0,0,0,0,1,0,0,1,1,0,0,0,2,1,0,0,1,1,1,1,2,0,0,0,0,1,0,0,0,0,1,2,1,1,1,0,0,1,0,1,0,0,1,0,0,0,0,0,0,1,1,0,0,1,1,1,1,0,1,1,0,0,1,0,0,1,2,0,0,0,0,0,0,1,1,0,1,0,1,0,0,1,2,1,1,0,0,2
5,138098483,"C","T",1,0,1,0,1,2,1,1,0,0,0,1,1,1,2,1,0,1,1,0,2,1,0,1,1,0,1,0,1,0,0,2,1,1,1,0,2,0,0,0,0,0,0,0,0,1,0,0,0,0,1,0,0,1,0,2,0,2,1,2,0,0,0,1,1,0,0,0,1,0,1,0,0,2,0,0,0,2,1,1,1,1,0,1,1,2,2,1,0,0,0,1,0,2,1,1,0,0,1,1,1,1,2,0,0,1,0,1,1,2,2,0,1,0,1,0,0,0,2,1,0,1,0,0,1,1,0,0,1,2,0,1,1,0,0,0,0,1,0,0,0,0,1,1,1,1,0,1,1,1,0,1,0,1,0,1,1,1,1,1,0,0,0,0,0,1,1,1,0,0,0,0,1,1,1,0,0,0,2,2,1,0,1,1,1,0,1,1,0,2,0,1,1,1,1,0,1,1,0,1,1,1,1,0,0,1,1,1,0,1,0,0,1,0,0,0,0,1,1,0,0,1,1,0,0,1,0,1,0,1,1,1,1,0,0,1,0,0,1,2,0,1,1,0,0,1,1,1,1,0,1,1,1,0,1,1,1,0,0,2,1,0,0,1,1,2,1,0,2,1,1,2,2,0,0,0,1,1,0,0,1,1,1,1,0,0,0,1,0,0,2,0,0,0,0,0,2,2,1,0,0,1
5,143270839,"T","C",1,1,0,1,0,0,0,0,1,0,0,0,0,0,0,0,0,1,1,1,0,0,1,1,0,1,1,0,0,0,0,1,0,0,0,0,0,0,1,1,0,0,0,1,0,0,0,0,1,1,0,0,1,0,0,0,0,0,0,0,0,1,0,1,0,0,0,0,0,0,1,0,0,2,2,0,0,1,0,0,0,0,0,0,0,0,0,0,0,0,0,1,1,0,1,0,0,1,0,1,0,1,0,0,2,0,0,0,0,0,1,1,0,0,0,0,1,0,1,1,1,0,0,0,0,0,0,0,1,1,0,0,0,1,0,0,0,2,0,0,1,1,1,1,2,1,0,0,1,0,0,1,0,2,0,0,0,0,0,0,0,0,0,1,1,1,1,0,0,1,0,0,0,0,0,1,0,0,0,1,0,0,0,1,1,0,0,1,0,2,0,1,1,1,1,0,1,0,0,0,0,1,0,0,0,1,0,0,0,0,1,1,0,0,1,0,0,1,1,0,1,0,0,0,0,0,0,0,0,0,0,0,0,0,0,0,1,0,1,0,0,0,1,0,0,0,0,0,0,0,0,0,0,0,1,1,1,0,0,0,0,0,2,0,1,0,0,0,2,0,1,0,0,0,0,0,1,0,0,1,0,1,0,1,0,1,0,1,0,0,0,0,0,1,0,0,0,0,0,0,1,0
5,173237160,"G","A",0,0,0,1,1,0,0,0,1,1,1,0,1,0,0,1,1,0,1,2,1,1,1,0,0,0,0,0,1,0,1,0,0,0,0,0,1,1,1,1,0,1,0,1,0,0,0,0,0,0,1,0,1,1,0,0,0,0,0,2,0,1,1,0,1,0,1,0,0,1,1,0,0,0,0,0,0,0,1,1,0,0,1,1,0,0,2,1,1,0,0,0,2,1,0,1,0,0,0,0,0,0,1,2,1,1,1,0,0,1,0,0,0,0,0,1,1,1,0,0,0,1,1,0,1,0,1,0,0,0,0,1,1,1,1,1,0,0,0,2,1,1,1,0,1,0,0,1,0,1,1,0,0,0,0,0,1,1,1,0,0,0,2,0,0,0,0,1,1,0,0,2,0,1,2,0,2,0,1,0,1,0,1,1,1,1,0,0,0,0,1,1,1,1,0,0,2,0,0,0,0,1,0,2,0,0,1,1,1,1,1,1,1,0,0,1,2,1,0,1,1,0,1,0,0,1,1,0,0,1,1,1,0,1,0,0,0,0,1,0,1,0,0,0,0,1,1,0,1,0,0,0,0,0,0,1,0,0,0,1,0,1,0,0,0,1,0,2,1,1,1,1,1,0,1,0,0,0,1,1,0,0,1,1,0,1,1,0,0,1,0,0,1,1,0,0,1,1,1,0,0,0
6,16415520,"G","A",0,0,0,1,0,0,0,0,0,0,0,0,0,0,0,2,0,0,0,0,0,0,0,0,0,0,0,2,0,0,1,0,0,1,0,0,0,0,0,0,0,1,0,1,0,0,0,0,0,1,0,0,0,0,0,0,0,1,0,1,0,1,1,0,0,0,0,1,1,0,0,1,0,0,0,0,0,0,0,0,0,1,0,0,0,0,1,0,0,0,0,0,1,0,0,0,0,0,1,0,0,1,1,1,0,0,0,1,0,0,0,0,0,1,0,0,0,0,0,0,1,0,0,1,1,1,0,0,0,0,1,1,1,0,1,0,0,1,0,0,0,0,1,1,1,0,0,0,0,0,0,0,0,0,0,0,0,0,0,0,0,0,1,0,0,0,0,0,1,1,1,0,0,0,0,0,0,1,0,0,0,0,0,1,2,1,0,0,1,0,0,0,1,1,0,0,1,0,0,0,0,1,0,1,0,0,1,1,0,0,0,0,0,0,0,1,0,0,1,0,0,0,0,0,0,0,0,0,1,0,0,1,0,0,0,0,0,0,1,0,0,0,1,1,1,0,0,0,0,0,0,1,0,0,0,0,0,0,0,0,0,0,0,0,0,0,0,0,0,0,1,1,1,0,1,1,0,0,0,0,0,0,1,0,0,0,0,0,0,0,1,0,0,0,0,0,0,0,0,1,1,0
6,18209878,"G","A",2,1,0,1,1,1,0,1,1,0,1,1,2,1,0,1,0,1,1,0,1,0,1,1,1,0,1,1,0,0,0,2,0,2,1,0,1,0,1,1,0,2,0,0,1,1,1,0,1,0,0,0,1,1,0,1,0,0,1,0,1,1,1,1,1,1,0,1,0,1,1,0,0,1,0,1,1,0,0,0,2,2,1,2,1,2,1,0,0,1,1,1,0,1,1,1,1,0,0,0,0,0,0,0,1,1,2,2,0,0,2,2,1,0,1,1,0,0,0,1,1,1,1,1,1,0,0,1,0,0,1,1,0,0,1,0,1,1,1,0,0,1,1,0,0,2,0,1,0,1,0,0,2,1,1,1,0,0,2,0,0,0,2,1,1,1,0,0,2,0,0,0,2,1,1,1,1,2,1,1,0,2,1,1,1,1,1,0,1,0,1,1,2,0,1,0,1,1,1,2,2,0,0,2,0,0,1,2,0,1,2,2,0,1,0,1,0,2,1,1,1,0,1,0,0,1,0,2,0,0,0,1,0,1,1,0,2,0,0,0,0,2,1,0,0,0,0,1,1,0,0,2,1,1,1,2,0,1,1,1,0,0,2,2,1,1,1,2,1,0,0,0,1,2,0,1,0,0,0,1,1,1,1,0,0,0,2,0,1,0,1,1,0,0,0,0,0,1,1,1,2,2
6,36679512,"G","A",0,1,0,0,0,0,0,1,0,0,0,0,1,0,0,0,1,1,0,1,1,1,1,1,0,1,0,1,2,0,1,1,0,1,0,0,0,0,1,0,0,0,0,0,1,0,0,1,0,0,0,0,0,0,0,0,0,1,0,1,0,0,1,0,0,0,0,0,0,0,0,0,1,0,1,1,0,0,0,0,0,1,0,0,1,1,0,1,0,0,0,0,1,1,0,1,1,1,0,0,0,0,0,0,0,0,0,1,0,0,1,0,0,0,1,1,1,0,1,2,1,1,0,1,0,0,0,0,0,0,1,0,0,1,0,1,1,0,0,0,0,1,0,1,0,0,2,0,0,1,2,0,0,1,0,1,0,0,0,1,1,1,0,1,0,1,0,1,0,1,0,1,0,1,1,1,0,1,1,0,0,0,0,0,1,0,0,0,1,0,0,0,1,0,1,0,0,0,1,0,0,0,1,0,0,0,0,0,1,1,0,0,0,0,0,0,0,0,0,0,0,0,0,1,0,0,0,0,0,0,0,0,0,0,0,1,0,0,1,0,0,1,0,0,0,0,0,1,0,0,0,1,1,0,0,1,1,0,0,0,0,0,0,1,1,0,0,1,0,0,1,0,1,1,1,0,1,1,0,0,1,0,1,0,1,0,0,1,0,1,0,0,0,1,0,0,0,0,0,0,0,1
6,118245024,"A","G",0,0,0,0,1,0,0,0,0,0,0,1,0,0,0,0,0,0,1,2,1,1,0,1,0,0,0,0,0,1,0,0,0,1,0,0,0,1,0,0,0,0,0,0,1,0,0,1,1,1,0,0,0,0,0,0,1,0,0,0,0,0,0,0,1,0,0,0,0,0,1,0,0,0,0,2,1,0,0,0,0,2,1,1,1,2,0,0,0,1,1,0,1,0,0,0,0,0,0,0,0,0,0,0,0,0,1,0,0,0,1,0,0,1,0,0,0,0,0,0,0,0,0,0,0,0,2,0,0,0,2,1,0,0,0,0,0,0,0,0,0,1,0,0,0,0,1,0,0,0,0,0,0,0,0,0,2,0,0,0,1,0,0,0,1,1,0,1,1,0,0,0,0,1,0,0,0,0,0,0,0,0,0,0,0,0,0,0,0,1,1,0,0,1,1,0,0,0,0,1,1,0,0,0,0,0,0,1,0,0,0,0,0,0,0,1,0,1,1,0,1,0,0,0,0,0,0,0,0,0,0,0,1,0,0,0,1,0,0,0,0,1,0,0,0,1,0,0,0,1,0,0,1,1,1,0,0,0,0,1,1,0,0,1,0,0,1,0,0,1,0,0,0,0,2,1,0,1,0,2,1,0,0,0,0,2,0,0,0,0,0,1,0,0,1,0,0,1,0,1,0,0
6,122070990,"A","C",0,1,0,1,1,0,2,0,0,1,0,2,1,0,0,1,1,1,0,0,0,2,1,0,2,0,2,1,0,0,1,2,0,1,1,1,1,0,0,1,1,0,1,1,1,0,1,0,1,1,0,0,1,1,2,1,0,2,0,1,0,0,0,0,1,1,0,1,1,1,0,1,1,0,1,0,0,1,0,2,0,0,1,0,0,1,1,1,1,0,0,0,0,0,1,0,0,2,2,1,1,1,1,1,2,0,0,0,0,0,1,2,1,0,0,2,1,0,1,1,1,0,1,1,0,0,0,0,0,0,2,0,0,0,1,0,1,0,0,1,1,1,0,0,0,1,2,0,0,1,1,2,1,2,0,1,0,1,2,2,0,0,0,1,0,1,2,1,0,1,2,2,0,0,2,0,0,2,1,1,1,1,0,0,0,0,0,1,0,1,1,1,1,2,1,0,1,1,1,0,1,0,1,0,1,0,0,1,0,0,0,2,1,1,1,1,1,1,2,0,1,1,1,1,0,1,0,0,1,2,0,0,0,1,1,0,2,1,0,2,1,0,1,2,1,0,0,1,0,1,1,1,1,1,1,0,1,0,0,2,0,1,1,1,1,0,0,1,1,1,0,0,1,0,0,0,1,2,0,0,1,0,1,0,1,1,2,0,0,1,1,0,1,0,0,2,1,0,0,1,2,0
6,149077964,"G","T",0,0,0,0,0,0,1,1,0,0,1,1,0,0,1,1,0,1,0,0,0,0,0,0,0,1,0,1,0,0,0,0,1,1,0,0,0,0,1,0,0,0,0,1,0,0,0,0,1,0,0,2,0,0,1,0,0,0,0,0,0,0,0,0,0,0,0,1,0,0,0,0,0,1,0,0,0,0,1,0,1,0,0,1,0,0,0,0,0,0,0,1,1,0,0,1,0,0,0,0,0,0,0,0,0,0,0,0,0,0,2,0,0,1,0,0,0,1,0,0,0,0,0,0,0,0,0,0,0,0,0,0,0,0,1,1,0,0,0,1,0,0,0,0,0,0,1,1,0,1,1,1,0,0,0,1,0,1,0,0,0,0,0,1,1,0,0,0,1,0,0,0,0,0,0,0,0,0,1,0,0,0,0,0,0,1,0,0,0,0,1,0,0,0,0,0,1,0,0,1,0,0,0,1,0,0,0,0,0,0,0,1,0,0,1,0,1,0,0,0,0,0,0,0,0,0,1,0,0,0,0,0,0,0,0,0,0,1,0,0,0,0,0,0,0,0,0,0,0,0,1,0,1,1,0,1,0,0,0,0,1,1,1,0,0,0,1,0,0,0,1,0,0,0,0,0,0,0,0,0,0,0,0,1,0,0,0,0,0,0,0,0,0,0,0,0,0,0,1,0,1,0
7,14332384,"G","A",0,0,2,0,0,0,0,0,1,0,0,0,1,0,0,0,0,0,0,0,1,0,0,0,1,0,0,0,1,0,1,1,1,0,0,1,0,0,0,0,0,0,2,2,1,0,0,1,0,0,1,0,1,0,0,1,0,1,0,1,1,1,0,0,1,1,0,1,0,0,1,0,1,0,1,1,0,0,1,1,1,1,1,0,1,1,1,0,0,1,1,1,0,0,2,0,0,1,0,1,1,1,1,1,0,1,1,1,2,0,1,1,1,0,1,0,1,1,0,1,0,1,0,0,1,1,1,0,0,2,1,0,0,0,1,2,1,1,1,0,0,0,1,1,2,1,2,1,0,1,0,0,0,1,0,1,1,1,1,0,0,0,1,0,1,0,1,0,1,1,1,1,0,0,0,0,1,2,0,2,1,0,0,0,0,0,0,1,0,0,0,0,0,0,0,0,0,0,0,1,1,0,1,0,1,1,1,0,0,0,0,1,1,1,0,0,2,0,0,1,1,1,0,0,1,0,0,1,0,0,0,1,1,1,0,2,0,1,1,0,0,0,0,0,1,2,1,0,0,1,1,2,1,1,1,0,1,1,1,0,1,0,0,0,0,1,1,1,1,1,0,1,0,0,0,1,1,0,0,1,1,0,2,0,0,0,1,1,0,0,0,0,0,0,0,2,0,1,1,1,0,1
7,28373568,"C","A",2,2,1,1,2,1,2,2,2,2,1,2,1,1,2,2,1,1,2,1,1,2,2,2,2,2,1,1,0,2,2,2,1,1,2,1,1,1,2,1,1,1,0,2,2,2,2,1,2,1,2,2,2,2,2,2,1,2,2,2,2,2,2,2,2,1,1,2,2,2,1,2,2,1,1,2,2,2,1,1,0,2,1,1,1,1,1,2,1,2,1,1,1,0,1,2,2,2,1,2,2,1,2,2,1,1,2,1,2,1,1,2,2,1,1,2,1,1,2,2,1,1,1,1,1,1,2,1,1,1,0,2,1,2,2,2,1,1,2,2,0,2,2,2,2,2,0,2,2,1,2,1,1,2,2,2,2,2,1,2,1,0,2,2,1,2,1,1,1,2,1,2,2,1,2,2,2,1,2,1,2,2,2,1,0,2,2,2,2,2,1,1,0,2,1,1,1,2,1,2,2,2,2,2,1,0,1,1,2,2,1,2,1,0,0,2,2,2,2,2,2,2,1,2,2,2,1,2,2,2,0,1,1,1,1,2,2,2,2,2,2,2,1,1,2,1,2,2,2,1,2,2,1,2,2,2,2,2,2,2,1,1,1,2,1,1,2,0,2,2,2,2,1,2,2,1,2,2,2,1,1,1,1,1,1,1,2,2,1,1,2,2,2,2,2,2,2,2,1,2,1,0
7,74696373,"A","G",0,0,0,0,0,1,1,1,0,0,1,0,0,2,0,0,0,1,0,0,0,0,0,0,0,1,0,0,0,0,0,1,0,1,0,0,0,0,1,0,0,0,0,0,0,0,0,0,0,0,0,0,0,1,1,0,0,0,0,0,0,0,0,0,0,1,2,0,0,0,0,0,0,0,0,0,0,0,0,0,0,0,0,0,0,0,0,0,0,0,0,0,0,1,1,0,0,0,0,0,1,0,0,1,0,0,0,0,0,0,0,0,0,0,0,1,0,0,0,0,0,1,0,0,0,0,0,0,0,0,0,1,0,1,0,0,1,0,1,0,0,0,0,0,0,0,0,1,0,0,0,0,0,0,0,0,0,0,0,0,1,0,0,0,0,0,0,0,0,1,0,1,0,0,0,0,0,0,0,0,0,0,0,1,1,0,0,0,0,0,0,0,0,0,0,0,1,0,0,0,0,0,0,0,1,0,1,0,1,1,0,0,0,1,0,0,0,0,1,0,0,0,0,0,1,0,0,1,1,0,0,0,0,0,0,0,0,0,0,0,0,0,0,0,0,0,0,0,0,0,0,0,0,0,0,0,0,0,0,0,0,0,1,1,0,0,1,0,0,0,0,0,0,0,0,0,0,0,0,0,0,0,0,0,0,0,0,0,0,1,0,0,1,0,0,0,0,0,0,0,0,0
7,92655809,"A","G",1,2,2,0,0,0,1,2,1,1,2,1,1,0,1,2,2,0,0,1,1,0,1,2,0,0,0,1,0,1,1,1,2,0,0,0,0,0,0,1,0,1,0,1,1,0,0,0,0,0,2,0,0,1,0,0,1,1,0,1,1,0,0,0,2,1,0,1,1,0,0,0,0,1,1,0,0,1,0,0,1,0,1,0,0,0,1,2,1,0,0,0,1,0,0,0,1,1,0,1,2,2,1,1,2,0,0,0,1,0,0,0,2,0,0,0,2,0,0,0,1,0,1,0,1,1,1,0,1,1,0,0,0,0,0,1,0,1,2,0,0,1,0,0,0,0,0,0,0,1,1,1,1,0,2,0,1,0,1,1,0,1,1,1,1,1,2,0,0,0,0,0,0,0,1,1,0,0,2,1,0,0,1,0,1,0,1,0,0,0,0,1,0,0,1,1,2,0,0,0,1,1,1,1,0,0,0,1,1,1,0,1,1,1,1,1,2,1,2,0,2,0,0,0,1,1,0,0,0,0,1,0,0,0,1,1,1,1,0,1,1,0,1,0,0,2,0,0,0,0,0,0,0,0,1,1,0,1,0,1,1,0,0,1,1,1,1,0,0,1,0,2,0,0,1,0,2,0,2,1,0,2,1,0,1,0,0,1,0,1,1,2,2,0,0,1,1,0,1,0,0,2
7,107215557,"G","A",0,2,0,1,0,0,0,0,0,1,2,0,0,1,0,1,0,0,0,1,0,1,1,1,0,1,1,1,1,1,0,1,1,2,1,0,0,1,1,0,1,0,0,1,2,0,0,1,1,0,2,0,2,0,1,0,0,2,1,0,1,1,2,0,2,0,0,1,1,0,0,0,0,1,1,0,1,1,2,0,0,1,0,0,0,0,0,0,0,0,1,2,0,0,1,1,0,1,0,0,1,0,1,0,0,0,1,0,0,0,1,0,1,1,0,0,2,0,0,0,1,0,0,0,1,0,0,0,1,2,0,0,0,0,0,1,1,0,0,1,0,1,1,0,0,0,0,0,1,0,0,0,0,0,0,0,0,0,1,1,0,0,0,0,0,0,0,0,1,0,0,0,0,1,1,1,0,0,1,1,0,1,0,0,0,1,0,1,0,0,1,2,0,0,1,1,0,0,0,0,0,0,1,0,0,1,0,1,0,1,0,1,0,0,1,0,2,0,1,1,0,1,1,0,0,0,1,1,0,1,0,1,0,1,0,1,0,0,2,1,0,0,0,2,0,1,0,1,0,0,0,1,0,1,1,0,0,0,1,1,1,0,0,0,1,0,0,0,0,1,0,0,0,0,0,2,0,1,1,1,1,0,0,1,1,0,0,1,0,0,0,1,1,1,1,0,0,0,1,0,0,1
7,116551247,"C","A",2,1,1,0,1,2,2,2,1,1,1,1,1,2,1,2,1,0,2,1,1,1,2,2,1,2,1,1,2,1,1,1,2,0,1,1,1,1,2,2,0,1,1,1,1,0,1,0,2,2,0,0,1,1,1,0,1,2,2,1,2,2,2,2,1,0,2,0,2,2,1,0,2,2,2,1,2,2,1,1,1,1,2,0,2,1,2,2,0,1,2,2,2,2,2,0,2,2,2,2,2,1,1,1,1,2,1,1,1,2,2,2,1,1,2,1,1,0,2,2,1,1,2,2,1,1,1,1,2,1,0,1,1,0,1,2,1,1,2,2,1,1,2,1,2,1,1,2,1,1,1,1,1,1,1,2,1,1,2,2,1,2,2,1,2,2,1,1,2,0,1,1,0,0,2,2,2,1,1,1,2,1,1,2,2,1,2,2,2,2,0,2,1,1,1,2,1,1,2,1,2,1,1,1,2,1,0,2,1,2,2,1,2,2,1,1,2,1,1,2,0,1,1,2,1,1,2,1,1,1,0,1,2,1,0,1,2,0,2,1,1,0,0,1,2,2,2,2,1,1,2,2,0,0,1,1,2,2,1,1,1,0,2,1,2,1,0,2,1,1,2,2,1,1,0,2,0,0,1,1,2,1,2,1,1,2,2,1,1,1,2,1,2,2,2,2,0,0,0,2,2,1
7,150964321,"G","A",1,0,0,0,2,1,0,1,1,0,0,0,1,0,0,0,0,0,1,0,0,0,1,0,0,1,0,0,0,0,0,1,0,0,0,0,2,0,1,1,0,0,0,0,0,0,0,0,0,1,0,0,0,0,1,1,1,0,0,0,0,0,0,1,0,0,0,1,1,0,0,0,0,0,0,0,0,0,1,1,1,0,0,0,0,0,0,1,1,2,0,0,0,0,0,0,0,1,0,1,0,0,1,0,1,2,0,1,1,0,0,1,0,0,1,0,0,0,0,0,0,0,0,0,1,0,0,0,0,0,1,0,0,0,0,1,0,1,0,1,1,1,0,1,0,0,0,0,0,1,0,0,1,1,1,1,1,0,0,0,0,0,1,0,0,0,0,0,2,1,1,0,2,0,0,1,2,0,0,2,0,0,0,1,1,0,1,0,0,0,0,0,0,1,1,0,0,0,0,0,0,0,1,0,1,0,0,0,1,0,0,0,0,0,0,1,1,1,2,0,0,0,1,0,0,1,1,2,0,2,0,0,0,0,0,0,0,1,0,1,1,0,0,0,0,0,0,0,0,0,0,1,0,1,0,1,1,1,1,0,1,0,0,1,0,1,0,1,0,1,1,0,0,1,1,0,1,0,2,0,2,0,0,1,0,0,0,1,1,0,0,0,0,2,1,0,0,0,0,0,1,0
8,18056461,"G","A",1,2,2,0,2,2,1,1,2,2,2,2,2,2,1,2,2,2,2,0,2,2,2,2,2,1,1,2,1,2,2,2,2,2,2,1,2,2,1,1,1,2,1,2,2,1,2,2,1,0,1,1,0,2,2,2,2,1,1,2,1,2,1,2,2,1,1,1,2,2,2,2,2,1,2,1,2,1,2,1,1,2,2,2,2,2,2,1,0,2,2,1,2,2,1,0,2,1,1,1,2,2,1,2,1,1,0,2,1,2,0,0,1,1,1,0,1,1,1,2,2,1,1,1,1,2,1,1,1,2,2,1,0,0,2,2,2,2,0,1,1,2,0,2,2,1,0,2,1,2,2,2,2,1,2,2,2,1,1,1,1,2,2,2,2,1,1,0,1,2,2,2,1,2,1,1,2,1,2,1,1,1,1,2,1,1,2,1,2,2,1,2,2,2,2,2,1,1,1,2,0,1,1,1,1,0,0,2,2,2,2,1,2,1,2,2,1,2,2,1,2,2,2,1,1,0,2,1,2,0,2,2,2,2,2,2,2,2,1,1,2,2,1,0,2,2,2,1,1,2,2,2,2,2,2,0,2,1,2,1,2,2,0,2,0,2,0,2,0,2,1,1,2,2,2,2,2,2,2,2,1,2,2,1,1,2,2,1,2,2,2,2,2,1,0,2,2,1,1,1,1,2
8,21946224,"C","A",0,0,1,1,0,0,0,0,0,0,2,0,1,0,0,1,0,1,1,1,0,1,0,1,2,0,0,0,0,0,1,0,0,1,1,0,0,0,0,0,0,0,0,0,0,0,0,1,0,0,0,0,1,0,0,0,0,0,0,0,0,0,0,0,0,0,0,1,0,0,0,1,1,0,0,1,0,0,0,0,0,0,0,0,0,0,0,0,0,1,0,0,1,1,1,1,0,0,0,0,1,0,0,0,0,0,0,0,0,0,0,0,0,1,0,0,0,0,0,1,0,0,0,0,0,0,0,0,0,0,0,0,1,0,0,0,0,0,0,0,0,0,0,0,0,0,0,1,0,0,0,1,0,1,0,0,0,0,0,0,0,1,1,1,0,0,0,0,0,0,0,0,0,0,0,0,0,0,1,0,0,0,0,0,0,1,0,0,1,1,0,0,0,0,0,0,0,0,0,0,0,0,1,1,0,1,2,1,1,1,1,0,1,1,1,0,0,1,0,1,0,0,0,0,0,0,0,0,1,0,1,0,0,0,0,1,0,0,0,0,0,1,0,0,0,1,0,0,0,0,0,0,0,0,0,0,1,0,0,1,0,0,0,1,1,1,1,0,0,0,1,0,0,1,0,0,2,0,1,0,0,1,0,0,0,0,1,0,0,0,0,0,0,0,0,0,0,0,1,0,0,1
8,123539735,"A","G",0,0,1,0,1,0,0,0,0,0,0,1,0,1,0,0,0,0,0,0,1,0,1,0,1,0,0,0,0,0,0,0,0,0,1,0,0,1,0,0,0,0,0,0,1,1,0,0,0,1,0,1,0,0,0,0,0,0,0,0,0,0,0,0,0,0,0,0,0,0,0,1,0,0,1,0,0,0,0,0,0,0,1,0,0,0,0,1,0,0,0,0,0,0,0,0,0,1,0,0,0,0,0,0,2,0,0,0,1,0,0,0,0,0,0,0,0,0,0,0,0,0,1,0,0,0,0,0,0,1,1,0,0,0,0,0,0,1,0,0,0,0,1,1,1,0,0,0,0,1,0,1,0,0,0,1,0,0,0,0,0,0,0,0,0,0,0,0,0,0,0,0,0,0,0,1,0,0,1,0,0,0,0,0,0,0,0,0,1,0,0,0,0,0,0,0,1,0,0,0,0,0,0,1,0,0,0,0,0,0,1,1,0,0,0,2,0,1,0,0,0,0,0,0,0,0,0,1,0,0,1,0,0,0,1,1,0,0,0,0,0,0,1,0,0,0,0,0,0,0,0,0,0,0,0,0,1,1,0,0,0,0,1,0,0,0,0,0,0,0,0,0,0,0,0,0,1,0,0,0,0,0,0,0,0,1,0,0,0,0,0,1,0,0,0,0,1,0,0,0,0,0
8,124847575,"C","A",1,1,0,2,0,1,1,0,1,2,0,1,1,2,1,2,0,2,1,1,1,0,0,0,1,1,1,0,0,0,1,0,0,1,0,1,0,0,0,0,1,0,1,1,1,1,1,0,0,0,1,1,2,1,1,0,1,0,0,1,0,0,0,1,1,0,0,0,1,0,2,1,1,0,1,0,0,0,2,1,0,1,1,1,2,0,1,1,0,0,0,1,0,0,1,1,1,1,1,1,2,0,1,0,1,0,0,1,1,2,1,2,0,0,0,2,0,1,2,1,1,0,1,0,0,1,0,1,0,2,0,0,0,1,0,1,0,1,1,1,0,0,1,0,0,0,0,1,1,0,0,0,1,0,0,0,0,0,0,0,0,2,1,2,0,2,0,2,0,0,0,1,1,0,1,1,2,1,0,1,1,2,1,1,1,0,0,2,1,0,2,1,0,1,1,1,0,1,1,1,0,0,0,0,0,1,1,1,1,1,0,2,0,1,0,0,0,0,1,1,2,0,0,2,1,1,0,1,1,0,1,1,1,0,0,0,1,1,0,0,2,0,0,1,0,0,2,0,0,2,0,1,1,1,1,2,1,1,0,2,2,1,0,0,0,1,1,1,2,1,0,0,1,1,0,0,0,1,0,1,2,1,1,0,0,0,1,1,1,1,2,1,2,1,1,0,2,0,0,0,0,0
8,140752560,"G","A",1,1,2,1,1,2,1,1,1,2,0,1,2,2,1,1,0,1,2,2,2,0,2,2,0,1,2,2,2,0,1,2,1,0,2,1,2,2,1,0,2,2,1,1,1,1,2,2,1,2,1,2,0,0,1,1,1,1,1,2,2,1,2,1,1,1,1,0,2,2,1,2,1,0,0,2,2,0,1,1,2,0,1,1,1,0,2,0,2,1,1,0,0,2,0,1,0,2,1,1,2,1,1,1,1,1,0,1,0,0,1,2,2,1,0,2,1,1,1,0,1,2,2,0,2,0,1,2,0,1,2,1,2,0,1,2,0,1,2,0,1,1,1,2,0,1,0,1,2,1,1,2,1,0,0,0,1,1,2,1,2,1,2,2,2,0,1,2,2,0,2,2,1,1,2,1,1,1,1,1,2,2,1,1,1,0,2,2,1,0,1,2,2,2,2,2,0,1,2,1,2,1,1,0,2,1,0,1,1,1,1,2,2,2,1,1,1,2,1,1,2,2,2,0,2,2,1,2,2,0,0,2,1,1,2,2,0,0,1,0,1,1,1,1,0,2,1,2,2,2,1,1,2,1,2,1,1,1,1,2,2,2,1,1,1,2,2,1,2,2,0,2,1,1,2,1,2,0,2,1,2,2,0,0,2,1,2,0,1,2,1,1,1,2,1,1,1,1,0,1,0,2
9,20235006,"A","G",0,2,1,1,2,2,1,2,1,2,2,2,0,1,1,2,2,1,2,0,1,1,2,2,1,1,2,2,2,1,2,0,1,0,2,0,0,1,1,1,0,1,1,0,2,1,0,0,0,2,0,0,1,0,1,1,2,1,1,1,2,1,1,1,0,2,0,0,1,1,1,0,1,2,0,1,0,1,0,1,0,2,1,1,1,2,2,1,2,1,1,1,0,0,0,0,1,0,2,0,0,0,0,1,1,0,0,0,2,0,0,0,1,1,1,1,0,1,1,0,0,0,2,1,1,1,0,2,2,1,1,0,0,0,0,0,1,2,1,1,1,1,1,2,2,0,2,0,1,0,2,1,1,2,0,1,1,0,1,1,1,1,1,1,0,0,2,1,2,1,2,1,1,0,2,0,1,1,0,0,1,0,0,1,0,0,2,0,0,0,1,2,2,2,1,1,1,1,1,2,1,0,0,1,1,0,1,1,0,1,1,2,0,1,1,0,1,1,2,1,1,2,0,0,1,1,2,2,1,2,1,1,0,1,1,2,0,1,1,0,1,0,0,1,1,0,0,2,1,0,1,0,1,2,0,0,1,0,0,2,1,1,2,2,2,1,0,1,0,1,1,0,1,2,0,2,2,0,0,1,1,0,1,1,0,2,1,2,1,1,0,0,0,0,0,1,1,2,1,0,2,1
9,94886305,"G","A",1,1,1,1,1,2,1,1,0,2,0,1,1,0,0,1,2,0,1,1,1,0,1,2,1,0,1,2,1,1,1,1,0,0,1,1,0,2,1,0,1,0,0,1,1,1,0,1,1,1,2,1,0,2,1,1,1,2,1,1,1,1,0,2,0,1,0,0,1,1,1,1,0,1,1,0,1,1,0,2,2,1,0,2,2,1,1,2,1,1,1,2,1,0,1,1,0,1,1,1,0,1,1,1,0,1,2,2,1,1,0,1,1,0,1,0,1,2,0,1,0,1,1,0,1,0,0,1,1,1,1,0,1,1,1,0,1,2,2,2,1,1,0,2,1,1,0,2,1,1,1,0,1,0,0,2,1,2,2,2,2,1,0,1,1,1,0,1,0,1,1,2,1,1,0,0,1,2,2,1,2,1,0,0,1,2,1,1,1,0,0,2,1,0,1,1,1,2,0,1,1,0,1,1,0,2,1,2,0,1,0,1,1,1,1,0,0,1,1,1,0,1,1,1,1,0,0,2,2,1,1,1,1,0,1,1,0,1,1,1,0,2,1,0,1,0,0,1,1,1,2,0,0,1,2,2,0,1,1,2,1,1,1,0,2,2,1,1,0,1,1,1,1,0,1,0,0,0,0,0,1,1,1,1,1,1,1,1,1,0,1,1,2,1,1,1,1,1,1,1,1,2
9,106870072,"G","A",0,0,0,0,0,0,1,1,1,0,0,1,2,1,1,1,1,2,0,0,0,0,1,0,0,1,0,0,1,0,0,0,0,0,0,0,0,1,0,1,0,0,0,1,0,1,1,0,1,0,0,2,1,0,2,0,0,0,0,1,1,1,1,0,0,1,2,2,0,0,1,0,0,0,0,0,0,0,1,0,2,0,0,0,1,0,1,0,0,1,1,1,0,0,1,0,1,0,0,0,1,0,1,0,0,1,0,1,0,1,0,1,0,1,0,0,1,1,1,0,0,0,0,0,0,1,1,0,1,1,1,0,1,1,1,0,0,1,0,0,1,0,0,1,0,0,0,1,0,0,0,1,0,1,0,0,0,1,0,0,0,0,0,1,0,0,1,0,1,0,1,0,0,1,0,1,1,1,0,1,1,0,0,0,0,0,1,0,0,2,0,1,0,0,0,0,0,0,1,0,1,0,2,0,1,0,1,1,0,1,1,0,1,1,0,1,0,0,2,0,1,1,0,1,0,0,0,1,0,0,1,1,0,2,0,1,0,0,1,1,1,0,0,0,0,1,0,1,1,0,0,1,1,1,0,0,1,0,1,0,0,0,0,0,1,0,0,0,0,0,0,0,0,1,1,0,1,0,0,0,0,2,0,1,1,0,0,0,1,0,0,1,1,1,0,0,1,0,0,1,0,1
9,124415987,"G","T",2,1,0,0,0,1,1,1,0,1,0,1,1,1,0,0,2,1,1,2,2,1,0,0,0,1,0,1,0,0,1,1,0,0,0,0,1,1,0,0,1,1,0,2,0,1,1,1,1,1,1,1,0,0,1,2,0,2,0,1,1,1,1,0,1,1,0,0,0,2,0,0,1,1,1,1,1,0,1,1,0,1,2,0,1,0,0,1,0,1,0,1,1,1,2,0,0,2,1,0,0,1,0,1,1,0,1,2,2,1,1,1,0,1,1,1,1,1,2,0,0,1,0,1,0,0,0,0,1,1,0,1,0,0,2,0,2,0,1,0,1,1,1,2,2,0,1,2,0,0,0,1,1,0,1,0,0,1,0,2,0,0,2,1,1,1,2,0,1,0,0,2,0,1,2,1,2,1,0,1,0,0,0,2,1,0,0,1,0,1,0,0,1,1,0,0,1,1,1,0,1,0,1,2,1,0,1,0,1,1,1,0,1,1,0,0,0,0,2,2,2,2,0,1,0,1,0,2,0,2,0,1,0,0,1,0,0,0,0,0,1,1,0,0,1,0,2,2,0,1,1,1,1,1,2,1,1,1,1,1,1,0,0,1,0,0,1,0,0,1,1,0,1,1,2,0,0,0,2,1,1,0,1,0,1,2,1,1,1,0,0,1,1,2,2,0,2,0,2,1,1,0
